"Handle","Title","Body (HTML)","Vendor","Product Category","Type","Tags","Published","Option1 Name","Option1 Value","Option2 Name","Option2 Value","Variant SKU","Variant Grams","Variant Inventory Tracker","Variant Inventory Qty","Variant Inventory Policy","Variant Fulfillment Service","Variant Price","Variant Compare At Price","Variant Requires Shipping","Variant Taxable","Image Src","Image Position","Image Alt Text","Gift Card","SEO Title","SEO Description","Google Product Category","Status"
"shorts-manchester-city-branca","Shorts Manchester City Branca","<h2>Shorts Manchester City Branca</h2>
<p>Camisa inspirada no uniforme do Manchester City. Confeccionada em tecido Dry Fit Premium, com excelente acabamento. Ideal para torcedores e colecionadores.</p>
<h3>Diferenciais</h3>
<ul>
<li>Tecido Dry Fit Premium</li>
<li>Costura reforçada</li>
<li>Escudo bordado</li>
<li>Alta respirabilidade</li>
<li>Excelente acabamento</li>
</ul>","Deroche","Vestuário e acessórios > Roupas > Camisas e blusas","Camisas Futebol","Manchester City, Camisa Manchester City, Camisas Futebol, Branca, Masculino, Futebol, Brasileirão","TRUE","Title","Default Title","","","381848183818381","200","shopify","1","deny","manual","80.00","","TRUE","TRUE","","1","Shorts Manchester City Branca","FALSE","Shorts Manchester City Branca | Deroche Mantos","Compre Shorts Manchester City Branca na Deroche Mantos. Tecido premium, pronta entrega. Pix com desconto e parcelamento em até 12x.","Vestuário e acessórios > Roupas > Camisas e blusas","active"
"shorts-manchester-united-branco","Shorts Manchester United Branco","<h2>Shorts Manchester United Branco</h2>
<p>Camisa inspirada no uniforme do Manchester United. Confeccionada em tecido Dry Fit Premium, com excelente acabamento. Ideal para torcedores e colecionadores.</p>
<h3>Diferenciais</h3>
<ul>
<li>Tecido Dry Fit Premium</li>
<li>Costura reforçada</li>
<li>Escudo bordado</li>
<li>Alta respirabilidade</li>
<li>Excelente acabamento</li>
</ul>","Deroche","Vestuário e acessórios > Roupas > Camisas e blusas","Camisas Futebol","Manchester United, Camisa Manchester United, Camisas Futebol, Branco, Masculino, Futebol, Brasileirão","TRUE","Title","Default Title","","","38182818382","200","shopify","1","deny","manual","90.00","","TRUE","TRUE","","1","Shorts Manchester United Branco","FALSE","Shorts Manchester United Branco | Deroche Mantos","Compre Shorts Manchester United Branco na Deroche Mantos. Tecido premium, pronta entrega. Pix com desconto e parcelamento em até 12x.","Vestuário e acessórios > Roupas > Camisas e blusas","active"
"ajax-bob-marley","Ajax Bob Marley","<h2>Ajax Bob Marley</h2>
<p>Camisa inspirada no uniforme do Ajax. Confeccionada em tecido Dry Fit Premium, com excelente acabamento. Ideal para torcedores e colecionadores.</p>
<h3>Diferenciais</h3>
<ul>
<li>Tecido Dry Fit Premium</li>
<li>Costura reforçada</li>
<li>Escudo bordado</li>
<li>Alta respirabilidade</li>
<li>Excelente acabamento</li>
</ul>","Deroche","Vestuário e acessórios > Roupas > Camisas e blusas","Camisas Futebol","Ajax, Camisa Ajax, Camisas Futebol, Masculino, Futebol, Brasileirão","TRUE","Tamanho","P","","","283818292-P","200","shopify","1","deny","manual","129.90","","TRUE","TRUE","","1","Ajax Bob Marley","FALSE","Ajax Bob Marley | Deroche Mantos","Compre Ajax Bob Marley na Deroche Mantos. Tecido premium, pronta entrega. Pix com desconto e parcelamento em até 12x.","Vestuário e acessórios > Roupas > Camisas e blusas","active"
"al-hilal-azul-2023-24-neymar-jr","Al-Hilal Azul 2023/24 #Neymar Jr.","<h2>Al-Hilal Azul 2023/24 #Neymar Jr.</h2>
<p>Camisa inspirada no uniforme do Al-Hilal temporada 2023/24. Confeccionada em tecido Dry Fit Premium, com excelente acabamento. Ideal para torcedores e colecionadores.</p>
<h3>Diferenciais</h3>
<ul>
<li>Tecido Dry Fit Premium</li>
<li>Costura reforçada</li>
<li>Escudo bordado</li>
<li>Alta respirabilidade</li>
<li>Excelente acabamento</li>
</ul>","Deroche","Vestuário e acessórios > Roupas > Camisas e blusas","Camisas Futebol","Al-Hilal, Camisa Al-Hilal, 2023/24, Camisas Futebol, Azul, Masculino, Futebol, Brasileirão","TRUE","Tamanho","P","","","283993943-P","200","shopify","6","deny","manual","119.90","","TRUE","TRUE","","1","Al-Hilal Azul 2023/24 #Neymar Jr.","FALSE","Al-Hilal Azul 2023/24 #Neymar Jr. | Deroche Mantos","Compre Al-Hilal Azul 2023/24 #Neymar Jr. na Deroche Mantos. Tecido premium, pronta entrega. Pix com desconto e parcelamento em até 12x.","Vestuário e acessórios > Roupas > Camisas e blusas","active"
"al-hilal-azul-2023-24-neymar-jr","","","","","","","","Tamanho","M","","","283993943-M","200","shopify","1","deny","manual","119.90","","TRUE","TRUE","","","","","","","",""
"al-hilal-branca-2023-24-neymar-jr","Al-Hilal Branca 2023/24 #Neymar Jr.","<h2>Al-Hilal Branca 2023/24 #Neymar Jr.</h2>
<p>Camisa inspirada no uniforme do Al-Hilal temporada 2023/24. Confeccionada em tecido Dry Fit Premium, com excelente acabamento. Ideal para torcedores e colecionadores.</p>
<h3>Diferenciais</h3>
<ul>
<li>Tecido Dry Fit Premium</li>
<li>Costura reforçada</li>
<li>Escudo bordado</li>
<li>Alta respirabilidade</li>
<li>Excelente acabamento</li>
</ul>","Deroche","Vestuário e acessórios > Roupas > Camisas e blusas","Camisas Futebol","Al-Hilal, Camisa Al-Hilal, 2023/24, Camisas Futebol, Branca, Masculino, Futebol, Brasileirão","TRUE","Tamanho","P","","","29490291-P","200","shopify","2","deny","manual","119.90","","TRUE","TRUE","","1","Al-Hilal Branca 2023/24 #Neymar Jr.","FALSE","Al-Hilal Branca 2023/24 #Neymar Jr. | Deroche Mantos","Compre Al-Hilal Branca 2023/24 #Neymar Jr. na Deroche Mantos. Tecido premium, pronta entrega. Pix com desconto e parcelamento em até 12x.","Vestuário e acessórios > Roupas > Camisas e blusas","active"
"al-hilal-branca-2023-24-neymar-jr","","","","","","","","Tamanho","M","","","29490291-M","200","shopify","1","deny","manual","119.90","","TRUE","TRUE","","","","","","","",""
"al-nassr-amarela-2022-23","Al-Nassr Amarela 2022/23","<h2>Al-Nassr Amarela 2022/23</h2>
<p>Camisa inspirada no uniforme do Al-Nassr temporada 2022/23. Confeccionada em tecido Dry Fit Premium, com excelente acabamento. Ideal para torcedores e colecionadores.</p>
<h3>Diferenciais</h3>
<ul>
<li>Tecido Dry Fit Premium</li>
<li>Costura reforçada</li>
<li>Escudo bordado</li>
<li>Alta respirabilidade</li>
<li>Excelente acabamento</li>
</ul>","Deroche","Vestuário e acessórios > Roupas > Camisas e blusas","Camisas Futebol","Al-Nassr, Camisa Al-Nassr, 2022/23, Camisas Futebol, Amarela, Masculino, Futebol, Brasileirão","TRUE","Tamanho","P","","","2782348373-P","200","shopify","1","deny","manual","89.00","","TRUE","TRUE","","1","Al-Nassr Amarela 2022/23","FALSE","Al-Nassr Amarela 2022/23 | Deroche Mantos","Compre Al-Nassr Amarela 2022/23 na Deroche Mantos. Tecido premium, pronta entrega. Pix com desconto e parcelamento em até 12x.","Vestuário e acessórios > Roupas > Camisas e blusas","active"
"al-nassr-amarela-2022-23","","","","","","","","Tamanho","M","","","2782348373-M","200","shopify","2","deny","manual","89.00","","TRUE","TRUE","","","","","","","",""
"amostra-asad-tradicional","Amostra Asad Tradicional","<h2>Amostra Asad Tradicional</h2>
<p>Amostra Asad Tradicional — fragrância importada de alta fixação, ideal para uso diário ou ocasiões especiais.</p>
<h3>Diferenciais</h3>
<ul>
<li>Fragrância importada</li>
<li>Alta fixação</li>
<li>Frasco original</li>
<li>Ideal para presentear</li>
</ul>","Deroche Perfumes","Beleza e cuidados pessoais > Perfumes e cosméticos > Perfume","Perfumes","Perfumes, Masculino, Perfume Importado","TRUE","Title","Default Title","","","2848584","400","shopify","3","deny","manual","50.00","","TRUE","TRUE","","1","Amostra Asad Tradicional","FALSE","Amostra Asad Tradicional | Deroche Mantos","Compre Amostra Asad Tradicional na Deroche Mantos. Qualidade garantida, pronta entrega. Pix com desconto e parcelamento em até 12x.","Beleza e cuidados pessoais > Perfumes e cosméticos > Perfume","active"
"amostra-fakhar-gold","Amostra Fakhar Gold","<h2>Amostra Fakhar Gold</h2>
<p>Amostra Fakhar Gold — fragrância importada de alta fixação, ideal para uso diário ou ocasiões especiais.</p>
<h3>Diferenciais</h3>
<ul>
<li>Fragrância importada</li>
<li>Alta fixação</li>
<li>Frasco original</li>
<li>Ideal para presentear</li>
</ul>","Deroche Perfumes","Beleza e cuidados pessoais > Perfumes e cosméticos > Perfume","Perfumes","Perfumes, Gold, Masculino, Perfume Importado","TRUE","Title","Default Title","","","2728282822828","400","shopify","3","deny","manual","50.00","","TRUE","TRUE","","1","Amostra Fakhar Gold","FALSE","Amostra Fakhar Gold | Deroche Mantos","Compre Amostra Fakhar Gold na Deroche Mantos. Qualidade garantida, pronta entrega. Pix com desconto e parcelamento em até 12x.","Beleza e cuidados pessoais > Perfumes e cosméticos > Perfume","active"
"amostra-jorge-di-profumo","Amostra Jorge Di Profumo","<h2>Amostra Jorge Di Profumo</h2>
<p>Amostra Jorge Di Profumo — fragrância importada de alta fixação, ideal para uso diário ou ocasiões especiais.</p>
<h3>Diferenciais</h3>
<ul>
<li>Fragrância importada</li>
<li>Alta fixação</li>
<li>Frasco original</li>
<li>Ideal para presentear</li>
</ul>","Deroche Perfumes","Beleza e cuidados pessoais > Perfumes e cosméticos > Perfume","Perfumes","Perfumes, Masculino, Perfume Importado","TRUE","Title","Default Title","","","19191929292","400","shopify","1","deny","manual","50.00","","TRUE","TRUE","","1","Amostra Jorge Di Profumo","FALSE","Amostra Jorge Di Profumo | Deroche Mantos","Compre Amostra Jorge Di Profumo na Deroche Mantos. Qualidade garantida, pronta entrega. Pix com desconto e parcelamento em até 12x.","Beleza e cuidados pessoais > Perfumes e cosméticos > Perfume","active"
"amostra-le-falcone-elegant","Amostra Le Falconé Elegant","<h2>Amostra Le Falconé Elegant</h2>
<p>Amostra Le Falconé Elegant — fragrância importada de alta fixação, ideal para uso diário ou ocasiões especiais.</p>
<h3>Diferenciais</h3>
<ul>
<li>Fragrância importada</li>
<li>Alta fixação</li>
<li>Frasco original</li>
<li>Ideal para presentear</li>
</ul>","Deroche Perfumes","Beleza e cuidados pessoais > Perfumes e cosméticos > Perfume","Perfumes","Perfumes, Masculino, Perfume Importado","TRUE","Title","Default Title","","","2828282828181","400","shopify","2","deny","manual","50.00","","TRUE","TRUE","","1","Amostra Le Falconé Elegant","FALSE","Amostra Le Falconé Elegant | Deroche Mantos","Compre Amostra Le Falconé Elegant na Deroche Mantos. Qualidade garantida, pronta entrega. Pix com desconto e parcelamento em até 12x.","Beleza e cuidados pessoais > Perfumes e cosméticos > Perfume","active"
"argentina-branca-2026","Argentina Branca 2026","<h2>Argentina Branca 2026</h2>
<p>Camisa inspirada no uniforme do Argentina temporada 2026. Confeccionada em tecido Dry Fit Premium, com excelente acabamento. Ideal para torcedores e colecionadores.</p>
<h3>Diferenciais</h3>
<ul>
<li>Tecido Dry Fit Premium</li>
<li>Costura reforçada</li>
<li>Escudo bordado</li>
<li>Alta respirabilidade</li>
<li>Excelente acabamento</li>
</ul>","Deroche","Vestuário e acessórios > Roupas > Camisas e blusas","Camisas Futebol","Argentina, Camisa Argentina, 2026, Camisas Futebol, Branca, Masculino, Futebol, Brasileirão","TRUE","Tamanho","P","","","282828282811818-P","200","shopify","4","deny","manual","180.00","","TRUE","TRUE","","1","Argentina Branca 2026","FALSE","Argentina Branca 2026 | Deroche Mantos","Compre Argentina Branca 2026 na Deroche Mantos. Tecido premium, pronta entrega. Pix com desconto e parcelamento em até 12x.","Vestuário e acessórios > Roupas > Camisas e blusas","active"
"argentina-branca-2026","","","","","","","","Tamanho","M","","","282828282811818-M","200","shopify","3","deny","manual","180.00","","TRUE","TRUE","","","","","","","",""
"argentina-branca-2026","","","","","","","","Tamanho","G","","","282828282811818-G","200","shopify","1","deny","manual","180.00","","TRUE","TRUE","","","","","","","",""
"argentina-preta-2026","Argentina Preta 2026","<h2>Argentina Preta 2026</h2>
<p>Camisa inspirada no uniforme do Argentina temporada 2026. Confeccionada em tecido Dry Fit Premium, com excelente acabamento. Ideal para torcedores e colecionadores.</p>
<h3>Diferenciais</h3>
<ul>
<li>Tecido Dry Fit Premium</li>
<li>Costura reforçada</li>
<li>Escudo bordado</li>
<li>Alta respirabilidade</li>
<li>Excelente acabamento</li>
</ul>","Deroche","Vestuário e acessórios > Roupas > Camisas e blusas","Camisas Futebol","Argentina, Camisa Argentina, 2026, Camisas Futebol, Preta, Masculino, Futebol, Brasileirão","TRUE","Tamanho","P","","","1828282828227-P","200","shopify","4","deny","manual","180.00","","TRUE","TRUE","","1","Argentina Preta 2026","FALSE","Argentina Preta 2026 | Deroche Mantos","Compre Argentina Preta 2026 na Deroche Mantos. Tecido premium, pronta entrega. Pix com desconto e parcelamento em até 12x.","Vestuário e acessórios > Roupas > Camisas e blusas","active"
"argentina-preta-2026","","","","","","","","Tamanho","M","","","1828282828227-M","200","shopify","4","deny","manual","180.00","","TRUE","TRUE","","","","","","","",""
"argentina-preta-2026","","","","","","","","Tamanho","G","","","1828282828227-G","200","shopify","5","deny","manual","180.00","","TRUE","TRUE","","","","","","","",""
"argentina-preta-2026","","","","","","","","Tamanho","GG","","","1828282828227-GG","200","shopify","1","deny","manual","180.00","","TRUE","TRUE","","","","","","","",""
"atletico-mineiro-2023-feminina","Atlético Mineiro 2023 Feminina","<h2>Atlético Mineiro 2023 Feminina</h2>
<p>Camisa inspirada no uniforme do Atlético Mineiro temporada 2023. Confeccionada em tecido Dry Fit Premium, com excelente acabamento. Ideal para torcedores e colecionadores.</p>
<h3>Diferenciais</h3>
<ul>
<li>Tecido Dry Fit Premium</li>
<li>Costura reforçada</li>
<li>Escudo bordado</li>
<li>Alta respirabilidade</li>
<li>Excelente acabamento</li>
</ul>","Deroche","Vestuário e acessórios > Roupas > Camisas e blusas","Camisas Futebol","Atlético Mineiro, Camisa Atlético Mineiro, 2023, Camisas Futebol, Feminino, Futebol, Brasileirão","TRUE","Tamanho","M","","","2939192911029472691599558-M","200","shopify","1","deny","manual","129.90","","TRUE","TRUE","","1","Atlético Mineiro 2023 Feminina","FALSE","Atlético Mineiro 2023 Feminina | Deroche Mantos","Compre Atlético Mineiro 2023 Feminina na Deroche Mantos. Tecido premium, pronta entrega. Pix com desconto e parcelamento em até 12x.","Vestuário e acessórios > Roupas > Camisas e blusas","active"
"atletico-mineiro-2024-feminina","Atlético Mineiro 2024 Feminina","<h2>Atlético Mineiro 2024 Feminina</h2>
<p>Camisa inspirada no uniforme do Atlético Mineiro temporada 2024. Confeccionada em tecido Dry Fit Premium, com excelente acabamento. Ideal para torcedores e colecionadores.</p>
<h3>Diferenciais</h3>
<ul>
<li>Tecido Dry Fit Premium</li>
<li>Costura reforçada</li>
<li>Escudo bordado</li>
<li>Alta respirabilidade</li>
<li>Excelente acabamento</li>
</ul>","Deroche","Vestuário e acessórios > Roupas > Camisas e blusas","Camisas Futebol","Atlético Mineiro, Camisa Atlético Mineiro, 2024, Camisas Futebol, Feminino, Futebol, Brasileirão","TRUE","Tamanho","M","","","29391938283-M","200","shopify","1","deny","manual","129.90","","TRUE","TRUE","","1","Atlético Mineiro 2024 Feminina","FALSE","Atlético Mineiro 2024 Feminina | Deroche Mantos","Compre Atlético Mineiro 2024 Feminina na Deroche Mantos. Tecido premium, pronta entrega. Pix com desconto e parcelamento em até 12x.","Vestuário e acessórios > Roupas > Camisas e blusas","active"
"atletico-mineiro-2025","Atlético Mineiro 2025","<h2>Atlético Mineiro 2025</h2>
<p>Camisa inspirada no uniforme do Atlético Mineiro temporada 2025. Confeccionada em tecido Dry Fit Premium, com excelente acabamento. Ideal para torcedores e colecionadores.</p>
<h3>Diferenciais</h3>
<ul>
<li>Tecido Dry Fit Premium</li>
<li>Costura reforçada</li>
<li>Escudo bordado</li>
<li>Alta respirabilidade</li>
<li>Excelente acabamento</li>
</ul>","Deroche","Vestuário e acessórios > Roupas > Camisas e blusas","Camisas Futebol","Atlético Mineiro, Camisa Atlético Mineiro, 2025, Camisas Futebol, Masculino, Futebol, Brasileirão","TRUE","Tamanho","P","","","29482727227-P","200","shopify","1","deny","manual","149.90","","TRUE","TRUE","","1","Atlético Mineiro 2025","FALSE","Atlético Mineiro 2025 | Deroche Mantos","Compre Atlético Mineiro 2025 na Deroche Mantos. Tecido premium, pronta entrega. Pix com desconto e parcelamento em até 12x.","Vestuário e acessórios > Roupas > Camisas e blusas","active"
"bayern-de-munique-tradicional-2026","Bayern De Munique Tradicional 2026","<h2>Bayern De Munique Tradicional 2026</h2>
<p>Camisa inspirada no uniforme do Bayern De Munique temporada 2026. Confeccionada em tecido Dry Fit Premium, com excelente acabamento. Ideal para torcedores e colecionadores.</p>
<h3>Diferenciais</h3>
<ul>
<li>Tecido Dry Fit Premium</li>
<li>Costura reforçada</li>
<li>Escudo bordado</li>
<li>Alta respirabilidade</li>
<li>Excelente acabamento</li>
</ul>","Deroche","Vestuário e acessórios > Roupas > Camisas e blusas","Camisas Futebol","Bayern De Munique, Camisa Bayern De Munique, 2026, Camisas Futebol, Masculino, Futebol, Brasileirão","TRUE","Tamanho","M","","","2929291919291-M","200","shopify","1","deny","manual","160.00","","TRUE","TRUE","","1","Bayern De Munique Tradicional 2026","FALSE","Bayern De Munique Tradicional 2026 | Deroche Mantos","Compre Bayern De Munique Tradicional 2026 na Deroche Mantos. Tecido premium, pronta entrega. Pix com desconto e parcelamento em até 12x.","Vestuário e acessórios > Roupas > Camisas e blusas","active"
"bola-basquete-malten-fiba","Bola Basquete Malten FIBA","<h2>Bola Basquete Malten FIBA</h2>
<p>Bola Basquete Malten FIBA, bola oficial para prática esportiva, com boa durabilidade e desempenho.</p>
<h3>Diferenciais</h3>
<ul>
<li>Material resistente</li>
<li>Bom desempenho em quadra/campo</li>
<li>Durabilidade</li>
<li>Ideal para treino e jogo</li>
</ul>","Malten","Esportes e ar livre > Equipamentos esportivos > Bolas","Bolas","Bolas, Masculino","TRUE","Title","Default Title","","","1039183821","450","shopify","3","deny","manual","299.90","","TRUE","TRUE","","1","Bola Basquete Malten FIBA","FALSE","Bola Basquete Malten FIBA | Deroche Mantos","Compre Bola Basquete Malten FIBA na Deroche Mantos. Qualidade garantida, pronta entrega. Pix com desconto e parcelamento em até 12x.","Esportes e ar livre > Equipamentos esportivos > Bolas","active"
"bola-futebol","Bola Futebol","<h2>Bola Futebol</h2>
<p>Bola Futebol, bola oficial para prática esportiva, com boa durabilidade e desempenho.</p>
<h3>Diferenciais</h3>
<ul>
<li>Material resistente</li>
<li>Bom desempenho em quadra/campo</li>
<li>Durabilidade</li>
<li>Ideal para treino e jogo</li>
</ul>","Deroche","Esportes e ar livre > Equipamentos esportivos > Bolas","Bolas","Bolas, Masculino","TRUE","Title","Default Title","","","102022","450","shopify","1","deny","manual","199.90","","TRUE","TRUE","","1","Bola Futebol","FALSE","Bola Futebol | Deroche Mantos","Compre Bola Futebol na Deroche Mantos. Qualidade garantida, pronta entrega. Pix com desconto e parcelamento em até 12x.","Esportes e ar livre > Equipamentos esportivos > Bolas","active"
"bola-volei","Bola Vôlei","<h2>Bola Vôlei</h2>
<p>Bola Vôlei, bola oficial para prática esportiva, com boa durabilidade e desempenho.</p>
<h3>Diferenciais</h3>
<ul>
<li>Material resistente</li>
<li>Bom desempenho em quadra/campo</li>
<li>Durabilidade</li>
<li>Ideal para treino e jogo</li>
</ul>","Deroche","Esportes e ar livre > Equipamentos esportivos > Bolas","Bolas","Bolas, Masculino","TRUE","Title","Default Title","","","10201","450","shopify","1","deny","manual","89.90","","TRUE","TRUE","","1","Bola Vôlei","FALSE","Bola Vôlei | Deroche Mantos","Compre Bola Vôlei na Deroche Mantos. Qualidade garantida, pronta entrega. Pix com desconto e parcelamento em até 12x.","Esportes e ar livre > Equipamentos esportivos > Bolas","active"
"bola-volei-malten","Bola Vôlei Malten","<h2>Bola Vôlei Malten</h2>
<p>Bola Vôlei Malten, bola oficial para prática esportiva, com boa durabilidade e desempenho.</p>
<h3>Diferenciais</h3>
<ul>
<li>Material resistente</li>
<li>Bom desempenho em quadra/campo</li>
<li>Durabilidade</li>
<li>Ideal para treino e jogo</li>
</ul>","Malten","Esportes e ar livre > Equipamentos esportivos > Bolas","Bolas","Bolas, Masculino","TRUE","Title","Default Title","","","1828182","450","shopify","2","deny","manual","199.90","","TRUE","TRUE","","1","Bola Vôlei Malten","FALSE","Bola Vôlei Malten | Deroche Mantos","Compre Bola Vôlei Malten na Deroche Mantos. Qualidade garantida, pronta entrega. Pix com desconto e parcelamento em até 12x.","Esportes e ar livre > Equipamentos esportivos > Bolas","active"
"bomba-de-ar","Bomba de Ar","<h2>Bomba de Ar</h2>
<p>Bomba de Ar, produto de qualidade Deroche Mantos, pronto para uso diário.</p>
<h3>Diferenciais</h3>
<ul>
<li>Alta qualidade</li>
<li>Bom custo-benefício</li>
<li>Pronta entrega</li>
</ul>","Deroche","Vestuário e acessórios > Acessórios de vestuário","Acessórios","Acessórios, Masculino","TRUE","Title","Default Title","","","818283828272","150","shopify","7","deny","manual","19.90","","TRUE","TRUE","","1","Bomba de Ar","FALSE","Bomba de Ar | Deroche Mantos","Compre Bomba de Ar na Deroche Mantos. Qualidade garantida, pronta entrega. Pix com desconto e parcelamento em até 12x.","Vestuário e acessórios > Acessórios de vestuário","active"
"bone-anth-original","Boné Anth Original","<h2>Boné Anth Original</h2>
<p>Boné Anth Original, acessório para completar o visual com estilo e proteção contra o sol no dia a dia.</p>
<h3>Diferenciais</h3>
<ul>
<li>Material resistente</li>
<li>Ajuste confortável</li>
<li>Aba reforçada</li>
<li>Design streetwear</li>
</ul>","Anth","Vestuário e acessórios > Acessórios de vestuário > Chapéus","Bonés","Bonés, Masculino","TRUE","Title","Default Title","","","18181818181","150","shopify","21","deny","manual","79.90","","TRUE","TRUE","","1","Boné Anth Original","FALSE","Boné Anth Original | Deroche Mantos","Compre Boné Anth Original na Deroche Mantos. Qualidade garantida, pronta entrega. Pix com desconto e parcelamento em até 12x.","Vestuário e acessórios > Acessórios de vestuário > Chapéus","active"
"botafogo-preta-2024","Botafogo Preta 2024","<h2>Botafogo Preta 2024</h2>
<p>Camisa inspirada no uniforme do Botafogo temporada 2024. Confeccionada em tecido Dry Fit Premium, com excelente acabamento. Ideal para torcedores e colecionadores.</p>
<h3>Diferenciais</h3>
<ul>
<li>Tecido Dry Fit Premium</li>
<li>Costura reforçada</li>
<li>Escudo bordado</li>
<li>Alta respirabilidade</li>
<li>Excelente acabamento</li>
</ul>","Deroche","Vestuário e acessórios > Roupas > Camisas e blusas","Camisas Futebol","Botafogo, Camisa Botafogo, 2024, Camisas Futebol, Preta, Masculino, Futebol, Brasileirão","TRUE","Tamanho","P","","","292938271-P","200","shopify","1","deny","manual","149.90","","TRUE","TRUE","","1","Botafogo Preta 2024","FALSE","Botafogo Preta 2024 | Deroche Mantos","Compre Botafogo Preta 2024 na Deroche Mantos. Tecido premium, pronta entrega. Pix com desconto e parcelamento em até 12x.","Vestuário e acessórios > Roupas > Camisas e blusas","active"
"botafogo-preta-2024","","","","","","","","Tamanho","GG","","","292938271-GG","200","shopify","1","deny","manual","149.90","","TRUE","TRUE","","","","","","","",""
"botafogo-preta-2025","Botafogo Preta 2025","<h2>Botafogo Preta 2025</h2>
<p>Camisa inspirada no uniforme do Botafogo temporada 2025. Confeccionada em tecido Dry Fit Premium, com excelente acabamento. Ideal para torcedores e colecionadores.</p>
<h3>Diferenciais</h3>
<ul>
<li>Tecido Dry Fit Premium</li>
<li>Costura reforçada</li>
<li>Escudo bordado</li>
<li>Alta respirabilidade</li>
<li>Excelente acabamento</li>
</ul>","Deroche","Vestuário e acessórios > Roupas > Camisas e blusas","Camisas Futebol","Botafogo, Camisa Botafogo, 2025, Camisas Futebol, Preta, Masculino, Futebol, Brasileirão","TRUE","Tamanho","G","","","182838281818181-G","200","shopify","2","deny","manual","149.90","","TRUE","TRUE","","1","Botafogo Preta 2025","FALSE","Botafogo Preta 2025 | Deroche Mantos","Compre Botafogo Preta 2025 na Deroche Mantos. Tecido premium, pronta entrega. Pix com desconto e parcelamento em até 12x.","Vestuário e acessórios > Roupas > Camisas e blusas","active"
"brasil-amarela-2026","Brasil Amarela 2026","<h2>Brasil Amarela 2026</h2>
<p>Camisa inspirada no uniforme do Brasil temporada 2026. Confeccionada em tecido Dry Fit Premium, com excelente acabamento. Ideal para torcedores e colecionadores.</p>
<h3>Diferenciais</h3>
<ul>
<li>Tecido Dry Fit Premium</li>
<li>Costura reforçada</li>
<li>Escudo bordado</li>
<li>Alta respirabilidade</li>
<li>Excelente acabamento</li>
</ul>","Deroche","Vestuário e acessórios > Roupas > Camisas e blusas","Camisas Futebol","Brasil, Camisa Brasil, 2026, Camisas Futebol, Amarela, Masculino, Futebol, Brasileirão","TRUE","Tamanho","M","","","182828281188-M","200","shopify","2","deny","manual","180.00","","TRUE","TRUE","","1","Brasil Amarela 2026","FALSE","Brasil Amarela 2026 | Deroche Mantos","Compre Brasil Amarela 2026 na Deroche Mantos. Tecido premium, pronta entrega. Pix com desconto e parcelamento em até 12x.","Vestuário e acessórios > Roupas > Camisas e blusas","active"
"brasil-amarela-2026","","","","","","","","Tamanho","G","","","182828281188-G","200","shopify","23","deny","manual","180.00","","TRUE","TRUE","","","","","","","",""
"brasil-amarela-2026","","","","","","","","Tamanho","GG","","","182828281188-GG","200","shopify","8","deny","manual","180.00","","TRUE","TRUE","","","","","","","",""
"brasil-amarela-2026","","","","","","","","Tamanho","XGG","","","182828281188-XGG","200","shopify","4","deny","manual","180.00","","TRUE","TRUE","","","","","","","",""
"brasil-azul-world-cup-22-feminina","Brasil Azul World Cup 22 Feminina","<h2>Brasil Azul World Cup 22 Feminina</h2>
<p>Camisa inspirada no uniforme do Brasil. Confeccionada em tecido Dry Fit Premium, com excelente acabamento. Ideal para torcedores e colecionadores.</p>
<h3>Diferenciais</h3>
<ul>
<li>Tecido Dry Fit Premium</li>
<li>Costura reforçada</li>
<li>Escudo bordado</li>
<li>Alta respirabilidade</li>
<li>Excelente acabamento</li>
</ul>","Deroche","Vestuário e acessórios > Roupas > Camisas e blusas","Camisas Futebol","Brasil, Camisa Brasil, Camisas Futebol, Azul, Feminino, Futebol, Brasileirão","TRUE","Tamanho","XGG","","","8282829492-XGG","200","shopify","1","deny","manual","129.90","","TRUE","TRUE","","1","Brasil Azul World Cup 22 Feminina","FALSE","Brasil Azul World Cup 22 Feminina | Deroche Mantos","Compre Brasil Azul World Cup 22 Feminina na Deroche Mantos. Tecido premium, pronta entrega. Pix com desconto e parcelamento em até 12x.","Vestuário e acessórios > Roupas > Camisas e blusas","active"
"camisa-berzerk-anjo-caido","Camisa Berzerk Anjo Caído","<h2>Camisa Berzerk Anjo Caído</h2>
<p>Peça streetwear camisa berzerk anjo caído, com caimento moderno e tecido confortável para o dia a dia urbano.</p>
<h3>Diferenciais</h3>
<ul>
<li>Tecido de alta qualidade</li>
<li>Caimento moderno</li>
<li>Conforto para uso diário</li>
<li>Estilo streetwear autêntico</li>
</ul>","Deroche","Vestuário e acessórios > Roupas","Streetwear","Streetwear, Masculino","TRUE","Tamanho","M","","","17272717171-M","220","shopify","2","deny","manual","120.00","","TRUE","TRUE","","1","Camisa Berzerk Anjo Caído","FALSE","Camisa Berzerk Anjo Caído | Deroche Mantos","Compre Camisa Berzerk Anjo Caído na Deroche Mantos. Qualidade garantida, pronta entrega. Pix com desconto e parcelamento em até 12x.","Vestuário e acessórios > Roupas","active"
"camisa-berzerk-anjo-caido","","","","","","","","Tamanho","G","","","17272717171-G","220","shopify","1","deny","manual","120.00","","TRUE","TRUE","","","","","","","",""
"camisa-berzerk-arnold","Camisa Berzerk Arnold","<h2>Camisa Berzerk Arnold</h2>
<p>Peça streetwear camisa berzerk arnold, com caimento moderno e tecido confortável para o dia a dia urbano.</p>
<h3>Diferenciais</h3>
<ul>
<li>Tecido de alta qualidade</li>
<li>Caimento moderno</li>
<li>Conforto para uso diário</li>
<li>Estilo streetwear autêntico</li>
</ul>","Deroche","Vestuário e acessórios > Roupas","Streetwear","Streetwear, Masculino","TRUE","Tamanho","P","","","28282282-P","220","shopify","2","deny","manual","120.00","","TRUE","TRUE","","1","Camisa Berzerk Arnold","FALSE","Camisa Berzerk Arnold | Deroche Mantos","Compre Camisa Berzerk Arnold na Deroche Mantos. Qualidade garantida, pronta entrega. Pix com desconto e parcelamento em até 12x.","Vestuário e acessórios > Roupas","active"
"camisa-berzerk-arnold","","","","","","","","Tamanho","G","","","28282282-G","220","shopify","2","deny","manual","120.00","","TRUE","TRUE","","","","","","","",""
"camisa-berzerk-bulking-rosquinha","Camisa Berzerk Bulking Rosquinha","<h2>Camisa Berzerk Bulking Rosquinha</h2>
<p>Peça streetwear camisa berzerk bulking rosquinha, com caimento moderno e tecido confortável para o dia a dia urbano.</p>
<h3>Diferenciais</h3>
<ul>
<li>Tecido de alta qualidade</li>
<li>Caimento moderno</li>
<li>Conforto para uso diário</li>
<li>Estilo streetwear autêntico</li>
</ul>","Deroche","Vestuário e acessórios > Roupas","Streetwear","Streetwear, Masculino","TRUE","Tamanho","M","","","283818282828128-M","220","shopify","2","deny","manual","120.00","","TRUE","TRUE","","1","Camisa Berzerk Bulking Rosquinha","FALSE","Camisa Berzerk Bulking Rosquinha | Deroche Mantos","Compre Camisa Berzerk Bulking Rosquinha na Deroche Mantos. Qualidade garantida, pronta entrega. Pix com desconto e parcelamento em até 12x.","Vestuário e acessórios > Roupas","active"
"camisa-berzerk-caveira-old-school","Camisa Berzerk Caveira Old School","<h2>Camisa Berzerk Caveira Old School</h2>
<p>Peça streetwear camisa berzerk caveira old school, com caimento moderno e tecido confortável para o dia a dia urbano.</p>
<h3>Diferenciais</h3>
<ul>
<li>Tecido de alta qualidade</li>
<li>Caimento moderno</li>
<li>Conforto para uso diário</li>
<li>Estilo streetwear autêntico</li>
</ul>","Deroche","Vestuário e acessórios > Roupas","Streetwear","Streetwear, Masculino","TRUE","Tamanho","M","","","92929229292-M","220","shopify","1","deny","manual","120.00","","TRUE","TRUE","","1","Camisa Berzerk Caveira Old School","FALSE","Camisa Berzerk Caveira Old School | Deroche Mantos","Compre Camisa Berzerk Caveira Old School na Deroche Mantos. Qualidade garantida, pronta entrega. Pix com desconto e parcelamento em até 12x.","Vestuário e acessórios > Roupas","active"
"camisa-berzerk-caveira-old-school","","","","","","","","Tamanho","G","","","92929229292-G","220","shopify","1","deny","manual","120.00","","TRUE","TRUE","","","","","","","",""
"camisa-berzerk-heavy-day","Camisa Berzerk Heavy Day","<h2>Camisa Berzerk Heavy Day</h2>
<p>Peça streetwear camisa berzerk heavy day, com caimento moderno e tecido confortável para o dia a dia urbano.</p>
<h3>Diferenciais</h3>
<ul>
<li>Tecido de alta qualidade</li>
<li>Caimento moderno</li>
<li>Conforto para uso diário</li>
<li>Estilo streetwear autêntico</li>
</ul>","Deroche","Vestuário e acessórios > Roupas","Streetwear","Streetwear, Masculino","TRUE","Tamanho","P","","","282828282822-P","220","shopify","2","deny","manual","120.00","","TRUE","TRUE","","1","Camisa Berzerk Heavy Day","FALSE","Camisa Berzerk Heavy Day | Deroche Mantos","Compre Camisa Berzerk Heavy Day na Deroche Mantos. Qualidade garantida, pronta entrega. Pix com desconto e parcelamento em até 12x.","Vestuário e acessórios > Roupas","active"
"camisa-berzerk-heavy-day","","","","","","","","Tamanho","M","","","282828282822-M","220","shopify","3","deny","manual","120.00","","TRUE","TRUE","","","","","","","",""
"camisa-berzerk-heavy-day","","","","","","","","Tamanho","G","","","282828282822-G","220","shopify","1","deny","manual","120.00","","TRUE","TRUE","","","","","","","",""
"camisa-berzerk-heavy-day","","","","","","","","Tamanho","GG","","","282828282822-GG","220","shopify","1","deny","manual","120.00","","TRUE","TRUE","","","","","","","",""
"camisa-berzerk-heavy-day","","","","","","","","Tamanho","XGG","","","282828282822-XGG","220","shopify","1","deny","manual","120.00","","TRUE","TRUE","","","","","","","",""
"camisa-berzerk-jesus","Camisa Berzerk Jesus","<h2>Camisa Berzerk Jesus</h2>
<p>Peça streetwear camisa berzerk jesus, com caimento moderno e tecido confortável para o dia a dia urbano.</p>
<h3>Diferenciais</h3>
<ul>
<li>Tecido de alta qualidade</li>
<li>Caimento moderno</li>
<li>Conforto para uso diário</li>
<li>Estilo streetwear autêntico</li>
</ul>","Deroche","Vestuário e acessórios > Roupas","Streetwear","Streetwear, Masculino","TRUE","Tamanho","M","","","181838484040404-M","220","shopify","2","deny","manual","120.00","","TRUE","TRUE","","1","Camisa Berzerk Jesus","FALSE","Camisa Berzerk Jesus | Deroche Mantos","Compre Camisa Berzerk Jesus na Deroche Mantos. Qualidade garantida, pronta entrega. Pix com desconto e parcelamento em até 12x.","Vestuário e acessórios > Roupas","active"
"camisa-berzerk-jesus","","","","","","","","Tamanho","G","","","181838484040404-G","220","shopify","1","deny","manual","120.00","","TRUE","TRUE","","","","","","","",""
"camisa-berzerk-leg-day","Camisa Berzerk Leg Day","<h2>Camisa Berzerk Leg Day</h2>
<p>Peça streetwear camisa berzerk leg day, com caimento moderno e tecido confortável para o dia a dia urbano.</p>
<h3>Diferenciais</h3>
<ul>
<li>Tecido de alta qualidade</li>
<li>Caimento moderno</li>
<li>Conforto para uso diário</li>
<li>Estilo streetwear autêntico</li>
</ul>","Deroche","Vestuário e acessórios > Roupas","Streetwear","Streetwear, Masculino","TRUE","Tamanho","P","","","183828228-P","220","shopify","2","deny","manual","120.00","","TRUE","TRUE","","1","Camisa Berzerk Leg Day","FALSE","Camisa Berzerk Leg Day | Deroche Mantos","Compre Camisa Berzerk Leg Day na Deroche Mantos. Qualidade garantida, pronta entrega. Pix com desconto e parcelamento em até 12x.","Vestuário e acessórios > Roupas","active"
"camisa-berzerk-leg-day","","","","","","","","Tamanho","M","","","183828228-M","220","shopify","2","deny","manual","120.00","","TRUE","TRUE","","","","","","","",""
"camisa-berzerk-leg-day","","","","","","","","Tamanho","G","","","183828228-G","220","shopify","1","deny","manual","120.00","","TRUE","TRUE","","","","","","","",""
"camisa-berzerk-leg-day","","","","","","","","Tamanho","GG","","","183828228-GG","220","shopify","2","deny","manual","120.00","","TRUE","TRUE","","","","","","","",""
"camisa-berzerk-leg-day","","","","","","","","Tamanho","XGG","","","183828228-XGG","220","shopify","2","deny","manual","120.00","","TRUE","TRUE","","","","","","","",""
"camisa-berzerk-leg-day-anjo","Camisa Berzerk Leg Day Anjo","<h2>Camisa Berzerk Leg Day Anjo</h2>
<p>Peça streetwear camisa berzerk leg day anjo, com caimento moderno e tecido confortável para o dia a dia urbano.</p>
<h3>Diferenciais</h3>
<ul>
<li>Tecido de alta qualidade</li>
<li>Caimento moderno</li>
<li>Conforto para uso diário</li>
<li>Estilo streetwear autêntico</li>
</ul>","Deroche","Vestuário e acessórios > Roupas","Streetwear","Streetwear, Masculino","TRUE","Tamanho","P","","","2828182822828-P","220","shopify","1","deny","manual","120.00","","TRUE","TRUE","","1","Camisa Berzerk Leg Day Anjo","FALSE","Camisa Berzerk Leg Day Anjo | Deroche Mantos","Compre Camisa Berzerk Leg Day Anjo na Deroche Mantos. Qualidade garantida, pronta entrega. Pix com desconto e parcelamento em até 12x.","Vestuário e acessórios > Roupas","active"
"camisa-berzerk-leg-day-anjo","","","","","","","","Tamanho","M","","","2828182822828-M","220","shopify","2","deny","manual","120.00","","TRUE","TRUE","","","","","","","",""
"camisa-berzerk-marrom-courage","Camisa Berzerk Marrom Courage","<h2>Camisa Berzerk Marrom Courage</h2>
<p>Peça streetwear camisa berzerk marrom courage, com caimento moderno e tecido confortável para o dia a dia urbano.</p>
<h3>Diferenciais</h3>
<ul>
<li>Tecido de alta qualidade</li>
<li>Caimento moderno</li>
<li>Conforto para uso diário</li>
<li>Estilo streetwear autêntico</li>
</ul>","Deroche","Vestuário e acessórios > Roupas","Streetwear","Streetwear, Marrom, Masculino","TRUE","Tamanho","M","","","46888985433-M","220","shopify","1","deny","manual","120.00","","TRUE","TRUE","","1","Camisa Berzerk Marrom Courage","FALSE","Camisa Berzerk Marrom Courage | Deroche Mantos","Compre Camisa Berzerk Marrom Courage na Deroche Mantos. Qualidade garantida, pronta entrega. Pix com desconto e parcelamento em até 12x.","Vestuário e acessórios > Roupas","active"
"camisa-berzerk-marrom-courage","","","","","","","","Tamanho","G","","","46888985433-G","220","shopify","2","deny","manual","120.00","","TRUE","TRUE","","","","","","","",""
"camisa-berzerk-nfl-marrom","Camisa Berzerk NFL Marrom","<h2>Camisa Berzerk NFL Marrom</h2>
<p>Peça streetwear camisa berzerk nfl marrom, com caimento moderno e tecido confortável para o dia a dia urbano.</p>
<h3>Diferenciais</h3>
<ul>
<li>Tecido de alta qualidade</li>
<li>Caimento moderno</li>
<li>Conforto para uso diário</li>
<li>Estilo streetwear autêntico</li>
</ul>","Deroche","Vestuário e acessórios > Roupas","Streetwear","Streetwear, Marrom, Masculino","TRUE","Tamanho","M","","","1828282827-M","220","shopify","1","deny","manual","120.00","","TRUE","TRUE","","1","Camisa Berzerk NFL Marrom","FALSE","Camisa Berzerk NFL Marrom | Deroche Mantos","Compre Camisa Berzerk NFL Marrom na Deroche Mantos. Qualidade garantida, pronta entrega. Pix com desconto e parcelamento em até 12x.","Vestuário e acessórios > Roupas","active"
"camisa-berzerk-olympia","Camisa Berzerk Olympia","<h2>Camisa Berzerk Olympia</h2>
<p>Peça streetwear camisa berzerk olympia, com caimento moderno e tecido confortável para o dia a dia urbano.</p>
<h3>Diferenciais</h3>
<ul>
<li>Tecido de alta qualidade</li>
<li>Caimento moderno</li>
<li>Conforto para uso diário</li>
<li>Estilo streetwear autêntico</li>
</ul>","Deroche","Vestuário e acessórios > Roupas","Streetwear","Streetwear, Masculino","TRUE","Tamanho","P","","","182818118-P","220","shopify","1","deny","manual","120.00","","TRUE","TRUE","","1","Camisa Berzerk Olympia","FALSE","Camisa Berzerk Olympia | Deroche Mantos","Compre Camisa Berzerk Olympia na Deroche Mantos. Qualidade garantida, pronta entrega. Pix com desconto e parcelamento em até 12x.","Vestuário e acessórios > Roupas","active"
"camisa-berzerk-simples","Camisa Berzerk Simples","<h2>Camisa Berzerk Simples</h2>
<p>Peça streetwear camisa berzerk simples, com caimento moderno e tecido confortável para o dia a dia urbano.</p>
<h3>Diferenciais</h3>
<ul>
<li>Tecido de alta qualidade</li>
<li>Caimento moderno</li>
<li>Conforto para uso diário</li>
<li>Estilo streetwear autêntico</li>
</ul>","Deroche","Vestuário e acessórios > Roupas","Streetwear","Streetwear, Masculino","TRUE","Tamanho","P","","","182818282281111-P","220","shopify","2","deny","manual","120.00","","TRUE","TRUE","","1","Camisa Berzerk Simples","FALSE","Camisa Berzerk Simples | Deroche Mantos","Compre Camisa Berzerk Simples na Deroche Mantos. Qualidade garantida, pronta entrega. Pix com desconto e parcelamento em até 12x.","Vestuário e acessórios > Roupas","active"
"camisa-berzerk-simples","","","","","","","","Tamanho","M","","","182818282281111-M","220","shopify","1","deny","manual","120.00","","TRUE","TRUE","","","","","","","",""
"camisa-berzerk-staff-n-stuff","Camisa Berzerk Staff N’Stuff","<h2>Camisa Berzerk Staff N’Stuff</h2>
<p>Peça streetwear camisa berzerk staff n’stuff, com caimento moderno e tecido confortável para o dia a dia urbano.</p>
<h3>Diferenciais</h3>
<ul>
<li>Tecido de alta qualidade</li>
<li>Caimento moderno</li>
<li>Conforto para uso diário</li>
<li>Estilo streetwear autêntico</li>
</ul>","Deroche","Vestuário e acessórios > Roupas","Streetwear","Streetwear, Masculino","TRUE","Tamanho","P","","","1828182382-P","220","shopify","1","deny","manual","120.00","","TRUE","TRUE","","1","Camisa Berzerk Staff N’Stuff","FALSE","Camisa Berzerk Staff N’Stuff | Deroche Mantos","Compre Camisa Berzerk Staff N’Stuff na Deroche Mantos. Qualidade garantida, pronta entrega. Pix com desconto e parcelamento em até 12x.","Vestuário e acessórios > Roupas","active"
"camisa-berzerk-urso","Camisa Berzerk Urso","<h2>Camisa Berzerk Urso</h2>
<p>Peça streetwear camisa berzerk urso, com caimento moderno e tecido confortável para o dia a dia urbano.</p>
<h3>Diferenciais</h3>
<ul>
<li>Tecido de alta qualidade</li>
<li>Caimento moderno</li>
<li>Conforto para uso diário</li>
<li>Estilo streetwear autêntico</li>
</ul>","Deroche","Vestuário e acessórios > Roupas","Streetwear","Streetwear, Masculino","TRUE","Tamanho","G","","","1828282828-G","220","shopify","2","deny","manual","120.00","","TRUE","TRUE","","1","Camisa Berzerk Urso","FALSE","Camisa Berzerk Urso | Deroche Mantos","Compre Camisa Berzerk Urso na Deroche Mantos. Qualidade garantida, pronta entrega. Pix com desconto e parcelamento em até 12x.","Vestuário e acessórios > Roupas","active"
"camisa-basica-amarela-streetwear","Camisa Básica Amarela Streetwear","<h2>Camisa Básica Amarela Streetwear</h2>
<p>Peça streetwear camisa básica amarela streetwear, com caimento moderno e tecido confortável para o dia a dia urbano.</p>
<h3>Diferenciais</h3>
<ul>
<li>Tecido de alta qualidade</li>
<li>Caimento moderno</li>
<li>Conforto para uso diário</li>
<li>Estilo streetwear autêntico</li>
</ul>","Deroche","Vestuário e acessórios > Roupas","Streetwear","Streetwear, Amarela, Masculino","TRUE","Tamanho","M","","","181828181-M","220","shopify","2","deny","manual","129.90","","TRUE","TRUE","","1","Camisa Básica Amarela Streetwear","FALSE","Camisa Básica Amarela Streetwear | Deroche Mantos","Compre Camisa Básica Amarela Streetwear na Deroche Mantos. Qualidade garantida, pronta entrega. Pix com desconto e parcelamento em até 12x.","Vestuário e acessórios > Roupas","active"
"camisa-basica-azul-streetwear","Camisa Básica Azul Streetwear","<h2>Camisa Básica Azul Streetwear</h2>
<p>Peça streetwear camisa básica azul streetwear, com caimento moderno e tecido confortável para o dia a dia urbano.</p>
<h3>Diferenciais</h3>
<ul>
<li>Tecido de alta qualidade</li>
<li>Caimento moderno</li>
<li>Conforto para uso diário</li>
<li>Estilo streetwear autêntico</li>
</ul>","Deroche","Vestuário e acessórios > Roupas","Streetwear","Streetwear, Azul, Masculino","TRUE","Tamanho","PP","","","28282818283722-PP","220","shopify","2","deny","manual","129.90","","TRUE","TRUE","","1","Camisa Básica Azul Streetwear","FALSE","Camisa Básica Azul Streetwear | Deroche Mantos","Compre Camisa Básica Azul Streetwear na Deroche Mantos. Qualidade garantida, pronta entrega. Pix com desconto e parcelamento em até 12x.","Vestuário e acessórios > Roupas","active"
"camisa-basica-azul-streetwear","","","","","","","","Tamanho","P","","","28282818283722-P","220","shopify","2","deny","manual","129.90","","TRUE","TRUE","","","","","","","",""
"camisa-basica-azul-streetwear","","","","","","","","Tamanho","M","","","28282818283722-M","220","shopify","1","deny","manual","129.90","","TRUE","TRUE","","","","","","","",""
"camisa-basica-branca-streetwear","Camisa Básica Branca Streetwear","<h2>Camisa Básica Branca Streetwear</h2>
<p>Peça streetwear camisa básica branca streetwear, com caimento moderno e tecido confortável para o dia a dia urbano.</p>
<h3>Diferenciais</h3>
<ul>
<li>Tecido de alta qualidade</li>
<li>Caimento moderno</li>
<li>Conforto para uso diário</li>
<li>Estilo streetwear autêntico</li>
</ul>","Deroche","Vestuário e acessórios > Roupas","Streetwear","Streetwear, Branca, Masculino","TRUE","Tamanho","PP","","","2828281822-PP","220","shopify","3","deny","manual","129.90","","TRUE","TRUE","","1","Camisa Básica Branca Streetwear","FALSE","Camisa Básica Branca Streetwear | Deroche Mantos","Compre Camisa Básica Branca Streetwear na Deroche Mantos. Qualidade garantida, pronta entrega. Pix com desconto e parcelamento em até 12x.","Vestuário e acessórios > Roupas","active"
"camisa-basica-branca-streetwear","","","","","","","","Tamanho","P","","","2828281822-P","220","shopify","3","deny","manual","129.90","","TRUE","TRUE","","","","","","","",""
"camisa-basica-branca-streetwear","","","","","","","","Tamanho","M","","","2828281822-M","220","shopify","8","deny","manual","129.90","","TRUE","TRUE","","","","","","","",""
"camisa-basica-branca-streetwear","","","","","","","","Tamanho","G","","","2828281822-G","220","shopify","6","deny","manual","129.90","","TRUE","TRUE","","","","","","","",""
"camisa-basica-branca-streetwear","","","","","","","","Tamanho","GG","","","2828281822-GG","220","shopify","1","deny","manual","129.90","","TRUE","TRUE","","","","","","","",""
"camisa-basica-branca-streetwear","","","","","","","","Tamanho","XGG","","","2828281822-XGG","220","shopify","1","deny","manual","129.90","","TRUE","TRUE","","","","","","","",""
"camisa-basica-off-white-streetwear","Camisa Básica Off White Streetwear","<h2>Camisa Básica Off White Streetwear</h2>
<p>Peça streetwear camisa básica off white streetwear, com caimento moderno e tecido confortável para o dia a dia urbano.</p>
<h3>Diferenciais</h3>
<ul>
<li>Tecido de alta qualidade</li>
<li>Caimento moderno</li>
<li>Conforto para uso diário</li>
<li>Estilo streetwear autêntico</li>
</ul>","Deroche","Vestuário e acessórios > Roupas","Streetwear","Streetwear, Off White, Masculino","TRUE","Tamanho","PP","","","28382838434-PP","220","shopify","4","deny","manual","129.90","","TRUE","TRUE","","1","Camisa Básica Off White Streetwear","FALSE","Camisa Básica Off White Streetwear | Deroche Mantos","Compre Camisa Básica Off White Streetwear na Deroche Mantos. Qualidade garantida, pronta entrega. Pix com desconto e parcelamento em até 12x.","Vestuário e acessórios > Roupas","active"
"camisa-basica-off-white-streetwear","","","","","","","","Tamanho","P","","","28382838434-P","220","shopify","5","deny","manual","129.90","","TRUE","TRUE","","","","","","","",""
"camisa-basica-off-white-streetwear","","","","","","","","Tamanho","M","","","28382838434-M","220","shopify","5","deny","manual","129.90","","TRUE","TRUE","","","","","","","",""
"camisa-basica-off-white-streetwear","","","","","","","","Tamanho","G","","","28382838434-G","220","shopify","7","deny","manual","129.90","","TRUE","TRUE","","","","","","","",""
"camisa-basica-off-white-streetwear","","","","","","","","Tamanho","GG","","","28382838434-GG","220","shopify","2","deny","manual","129.90","","TRUE","TRUE","","","","","","","",""
"camisa-basica-off-white-streetwear","","","","","","","","Tamanho","XGG","","","28382838434-XGG","220","shopify","1","deny","manual","129.90","","TRUE","TRUE","","","","","","","",""
"camisa-basica-preta-streetwear","Camisa Básica Preta Streetwear","<h2>Camisa Básica Preta Streetwear</h2>
<p>Peça streetwear camisa básica preta streetwear, com caimento moderno e tecido confortável para o dia a dia urbano.</p>
<h3>Diferenciais</h3>
<ul>
<li>Tecido de alta qualidade</li>
<li>Caimento moderno</li>
<li>Conforto para uso diário</li>
<li>Estilo streetwear autêntico</li>
</ul>","Deroche","Vestuário e acessórios > Roupas","Streetwear","Streetwear, Preta, Masculino","TRUE","Tamanho","PP","","","28283818228-PP","220","shopify","3","deny","manual","129.90","","TRUE","TRUE","","1","Camisa Básica Preta Streetwear","FALSE","Camisa Básica Preta Streetwear | Deroche Mantos","Compre Camisa Básica Preta Streetwear na Deroche Mantos. Qualidade garantida, pronta entrega. Pix com desconto e parcelamento em até 12x.","Vestuário e acessórios > Roupas","active"
"camisa-basica-preta-streetwear","","","","","","","","Tamanho","P","","","28283818228-P","220","shopify","4","deny","manual","129.90","","TRUE","TRUE","","","","","","","",""
"camisa-basica-preta-streetwear","","","","","","","","Tamanho","M","","","28283818228-M","220","shopify","3","deny","manual","129.90","","TRUE","TRUE","","","","","","","",""
"camisa-basica-preta-streetwear","","","","","","","","Tamanho","G","","","28283818228-G","220","shopify","6","deny","manual","129.90","","TRUE","TRUE","","","","","","","",""
"camisa-basica-preta-streetwear","","","","","","","","Tamanho","XGG","","","28283818228-XGG","220","shopify","1","deny","manual","129.90","","TRUE","TRUE","","","","","","","",""
"camisa-basica-roxa-streetwear","Camisa Básica Roxa Streetwear","<h2>Camisa Básica Roxa Streetwear</h2>
<p>Peça streetwear camisa básica roxa streetwear, com caimento moderno e tecido confortável para o dia a dia urbano.</p>
<h3>Diferenciais</h3>
<ul>
<li>Tecido de alta qualidade</li>
<li>Caimento moderno</li>
<li>Conforto para uso diário</li>
<li>Estilo streetwear autêntico</li>
</ul>","Deroche","Vestuário e acessórios > Roupas","Streetwear","Streetwear, Roxa, Masculino","TRUE","Tamanho","PP","","","27282838282-PP","220","shopify","1","deny","manual","129.90","","TRUE","TRUE","","1","Camisa Básica Roxa Streetwear","FALSE","Camisa Básica Roxa Streetwear | Deroche Mantos","Compre Camisa Básica Roxa Streetwear na Deroche Mantos. Qualidade garantida, pronta entrega. Pix com desconto e parcelamento em até 12x.","Vestuário e acessórios > Roupas","active"
"camisa-basica-roxa-streetwear","","","","","","","","Tamanho","P","","","27282838282-P","220","shopify","2","deny","manual","129.90","","TRUE","TRUE","","","","","","","",""
"camisa-basica-roxa-streetwear","","","","","","","","Tamanho","M","","","27282838282-M","220","shopify","1","deny","manual","129.90","","TRUE","TRUE","","","","","","","",""
"camisa-basica-roxa-streetwear","","","","","","","","Tamanho","G","","","27282838282-G","220","shopify","1","deny","manual","129.90","","TRUE","TRUE","","","","","","","",""
"camisa-basica-verde-streetwear","Camisa Básica Verde Streetwear","<h2>Camisa Básica Verde Streetwear</h2>
<p>Peça streetwear camisa básica verde streetwear, com caimento moderno e tecido confortável para o dia a dia urbano.</p>
<h3>Diferenciais</h3>
<ul>
<li>Tecido de alta qualidade</li>
<li>Caimento moderno</li>
<li>Conforto para uso diário</li>
<li>Estilo streetwear autêntico</li>
</ul>","Deroche","Vestuário e acessórios > Roupas","Streetwear","Streetwear, Verde, Masculino","TRUE","Tamanho","PP","","","283828282-PP","220","shopify","1","deny","manual","129.90","","TRUE","TRUE","","1","Camisa Básica Verde Streetwear","FALSE","Camisa Básica Verde Streetwear | Deroche Mantos","Compre Camisa Básica Verde Streetwear na Deroche Mantos. Qualidade garantida, pronta entrega. Pix com desconto e parcelamento em até 12x.","Vestuário e acessórios > Roupas","active"
"camisa-basica-verde-streetwear","","","","","","","","Tamanho","P","","","283828282-P","220","shopify","2","deny","manual","129.90","","TRUE","TRUE","","","","","","","",""
"camisa-basica-verde-streetwear","","","","","","","","Tamanho","M","","","283828282-M","220","shopify","1","deny","manual","129.90","","TRUE","TRUE","","","","","","","",""
"camisa-basica-verde-streetwear","","","","","","","","Tamanho","G","","","283828282-G","220","shopify","2","deny","manual","129.90","","TRUE","TRUE","","","","","","","",""
"camisa-basica-vermelha-streetwear","Camisa Básica Vermelha Streetwear","<h2>Camisa Básica Vermelha Streetwear</h2>
<p>Peça streetwear camisa básica vermelha streetwear, com caimento moderno e tecido confortável para o dia a dia urbano.</p>
<h3>Diferenciais</h3>
<ul>
<li>Tecido de alta qualidade</li>
<li>Caimento moderno</li>
<li>Conforto para uso diário</li>
<li>Estilo streetwear autêntico</li>
</ul>","Deroche","Vestuário e acessórios > Roupas","Streetwear","Streetwear, Vermelha, Masculino","TRUE","Tamanho","PP","","","2828482-PP","220","shopify","1","deny","manual","129.90","","TRUE","TRUE","","1","Camisa Básica Vermelha Streetwear","FALSE","Camisa Básica Vermelha Streetwear | Deroche Mantos","Compre Camisa Básica Vermelha Streetwear na Deroche Mantos. Qualidade garantida, pronta entrega. Pix com desconto e parcelamento em até 12x.","Vestuário e acessórios > Roupas","active"
"camisa-basica-vermelha-streetwear","","","","","","","","Tamanho","P","","","2828482-P","220","shopify","1","deny","manual","129.90","","TRUE","TRUE","","","","","","","",""
"camisa-basica-vermelha-streetwear","","","","","","","","Tamanho","M","","","2828482-M","220","shopify","1","deny","manual","129.90","","TRUE","TRUE","","","","","","","",""
"camisa-basica-vermelha-streetwear","","","","","","","","Tamanho","G","","","2828482-G","220","shopify","3","deny","manual","129.90","","TRUE","TRUE","","","","","","","",""
"camisa-basica-vermelha-streetwear","","","","","","","","Tamanho","GG","","","2828482-GG","220","shopify","1","deny","manual","129.90","","TRUE","TRUE","","","","","","","",""
"camisa-basica-vermelha-streetwear","","","","","","","","Tamanho","XGG","","","2828482-XGG","220","shopify","1","deny","manual","129.90","","TRUE","TRUE","","","","","","","",""
"camisa-gola-polo-azul","Camisa Gola Polo Azul","<h2>Camisa Gola Polo Azul</h2>
<p>Peça streetwear camisa gola polo azul, com caimento moderno e tecido confortável para o dia a dia urbano.</p>
<h3>Diferenciais</h3>
<ul>
<li>Tecido de alta qualidade</li>
<li>Caimento moderno</li>
<li>Conforto para uso diário</li>
<li>Estilo streetwear autêntico</li>
</ul>","Deroche","Vestuário e acessórios > Roupas","Streetwear","Streetwear, Azul, Masculino","TRUE","Tamanho","P","","","1818282-P","220","shopify","2","deny","manual","149.90","","TRUE","TRUE","","1","Camisa Gola Polo Azul","FALSE","Camisa Gola Polo Azul | Deroche Mantos","Compre Camisa Gola Polo Azul na Deroche Mantos. Qualidade garantida, pronta entrega. Pix com desconto e parcelamento em até 12x.","Vestuário e acessórios > Roupas","active"
"camisa-gola-polo-azul","","","","","","","","Tamanho","M","","","1818282-M","220","shopify","2","deny","manual","149.90","","TRUE","TRUE","","","","","","","",""
"camisa-gola-polo-azul","","","","","","","","Tamanho","G","","","1818282-G","220","shopify","1","deny","manual","149.90","","TRUE","TRUE","","","","","","","",""
"camisa-gola-polo-azul","","","","","","","","Tamanho","GG","","","1818282-GG","220","shopify","1","deny","manual","149.90","","TRUE","TRUE","","","","","","","",""
"camisa-gola-polo-branca","Camisa Gola Polo Branca","<h2>Camisa Gola Polo Branca</h2>
<p>Peça streetwear camisa gola polo branca, com caimento moderno e tecido confortável para o dia a dia urbano.</p>
<h3>Diferenciais</h3>
<ul>
<li>Tecido de alta qualidade</li>
<li>Caimento moderno</li>
<li>Conforto para uso diário</li>
<li>Estilo streetwear autêntico</li>
</ul>","Deroche","Vestuário e acessórios > Roupas","Streetwear","Streetwear, Branca, Masculino","TRUE","Tamanho","P","","","19191919-P","220","shopify","2","deny","manual","149.90","","TRUE","TRUE","","1","Camisa Gola Polo Branca","FALSE","Camisa Gola Polo Branca | Deroche Mantos","Compre Camisa Gola Polo Branca na Deroche Mantos. Qualidade garantida, pronta entrega. Pix com desconto e parcelamento em até 12x.","Vestuário e acessórios > Roupas","active"
"camisa-gola-polo-branca","","","","","","","","Tamanho","G","","","19191919-G","220","shopify","2","deny","manual","149.90","","TRUE","TRUE","","","","","","","",""
"camisa-gola-polo-preta","Camisa Gola Polo Preta","<h2>Camisa Gola Polo Preta</h2>
<p>Peça streetwear camisa gola polo preta, com caimento moderno e tecido confortável para o dia a dia urbano.</p>
<h3>Diferenciais</h3>
<ul>
<li>Tecido de alta qualidade</li>
<li>Caimento moderno</li>
<li>Conforto para uso diário</li>
<li>Estilo streetwear autêntico</li>
</ul>","Deroche","Vestuário e acessórios > Roupas","Streetwear","Streetwear, Preta, Masculino","TRUE","Tamanho","P","","","182828183-P","220","shopify","2","deny","manual","149.90","","TRUE","TRUE","","1","Camisa Gola Polo Preta","FALSE","Camisa Gola Polo Preta | Deroche Mantos","Compre Camisa Gola Polo Preta na Deroche Mantos. Qualidade garantida, pronta entrega. Pix com desconto e parcelamento em até 12x.","Vestuário e acessórios > Roupas","active"
"camisa-gola-polo-preta","","","","","","","","Tamanho","M","","","182828183-M","220","shopify","3","deny","manual","149.90","","TRUE","TRUE","","","","","","","",""
"camisa-gola-polo-preta","","","","","","","","Tamanho","G","","","182828183-G","220","shopify","3","deny","manual","149.90","","TRUE","TRUE","","","","","","","",""
"camisa-gola-polo-preta","","","","","","","","Tamanho","GG","","","182828183-GG","220","shopify","1","deny","manual","149.90","","TRUE","TRUE","","","","","","","",""
"camisa-high-tee-cookie-white","Camisa High Tee Cookie White","<h2>Camisa High Tee Cookie White</h2>
<p>Peça streetwear camisa high tee cookie white, com caimento moderno e tecido confortável para o dia a dia urbano.</p>
<h3>Diferenciais</h3>
<ul>
<li>Tecido de alta qualidade</li>
<li>Caimento moderno</li>
<li>Conforto para uso diário</li>
<li>Estilo streetwear autêntico</li>
</ul>","Deroche","Vestuário e acessórios > Roupas","Streetwear","Streetwear, Masculino","TRUE","Tamanho","P","","","1828283827271111-P","220","shopify","1","deny","manual","199.90","","TRUE","TRUE","","1","Camisa High Tee Cookie White","FALSE","Camisa High Tee Cookie White | Deroche Mantos","Compre Camisa High Tee Cookie White na Deroche Mantos. Qualidade garantida, pronta entrega. Pix com desconto e parcelamento em até 12x.","Vestuário e acessórios > Roupas","active"
"camisa-high-tee-warped-black","Camisa High Tee Warped Black","<h2>Camisa High Tee Warped Black</h2>
<p>Peça streetwear camisa high tee warped black, com caimento moderno e tecido confortável para o dia a dia urbano.</p>
<h3>Diferenciais</h3>
<ul>
<li>Tecido de alta qualidade</li>
<li>Caimento moderno</li>
<li>Conforto para uso diário</li>
<li>Estilo streetwear autêntico</li>
</ul>","Deroche","Vestuário e acessórios > Roupas","Streetwear","Streetwear, Masculino","TRUE","Tamanho","P","","","28282828128-P","220","shopify","1","deny","manual","179.90","","TRUE","TRUE","","1","Camisa High Tee Warped Black","FALSE","Camisa High Tee Warped Black | Deroche Mantos","Compre Camisa High Tee Warped Black na Deroche Mantos. Qualidade garantida, pronta entrega. Pix com desconto e parcelamento em até 12x.","Vestuário e acessórios > Roupas","active"
"camisa-high-tee-warped-black","","","","","","","","Tamanho","G","","","28282828128-G","220","shopify","2","deny","manual","179.90","","TRUE","TRUE","","","","","","","",""
"caneleira-de-compressao","Caneleira de Compressão","<h2>Caneleira de Compressão</h2>
<p>Caneleira de Compressão, acessório de treino para melhorar performance e proteção durante os exercícios.</p>
<h3>Diferenciais</h3>
<ul>
<li>Material resistente</li>
<li>Ajuste confortável</li>
<li>Ideal para treinos</li>
<li>Proteção articular</li>
</ul>","Deroche","Esportes e ar livre > Equipamentos esportivos > Equipamentos de fitness","Academia","Academia, Masculino","TRUE","Title","Default Title","","","182828181","100","shopify","1","deny","manual","69.90","","TRUE","TRUE","","1","Caneleira de Compressão","FALSE","Caneleira de Compressão | Deroche Mantos","Compre Caneleira de Compressão na Deroche Mantos. Qualidade garantida, pronta entrega. Pix com desconto e parcelamento em até 12x.","Esportes e ar livre > Equipamentos esportivos > Equipamentos de fitness","active"
"canivete","Canivete","<h2>Canivete</h2>
<p>Canivete, produto de qualidade Deroche Mantos, pronto para uso diário.</p>
<h3>Diferenciais</h3>
<ul>
<li>Alta qualidade</li>
<li>Bom custo-benefício</li>
<li>Pronta entrega</li>
</ul>","Deroche","Vestuário e acessórios > Acessórios de vestuário","Acessórios","Acessórios, Masculino","TRUE","Title","Default Title","","","2818181","150","shopify","4","deny","manual","57.86","","TRUE","TRUE","","1","Canivete","FALSE","Canivete | Deroche Mantos","Compre Canivete na Deroche Mantos. Qualidade garantida, pronta entrega. Pix com desconto e parcelamento em até 12x.","Vestuário e acessórios > Acessórios de vestuário","active"
"ceara-preta-branca-i-23-24","Ceará Preta/Branca I 23/24","<h2>Ceará Preta/Branca I 23/24</h2>
<p>Camisa inspirada no uniforme do Ceará. Confeccionada em tecido Dry Fit Premium, com excelente acabamento. Ideal para torcedores e colecionadores.</p>
<h3>Diferenciais</h3>
<ul>
<li>Tecido Dry Fit Premium</li>
<li>Costura reforçada</li>
<li>Escudo bordado</li>
<li>Alta respirabilidade</li>
<li>Excelente acabamento</li>
</ul>","Deroche","Vestuário e acessórios > Roupas > Camisas e blusas","Camisas Futebol","Ceará, Camisa Ceará, Camisas Futebol, Branca, Masculino, Futebol, Brasileirão","TRUE","Tamanho","M","","","18383818392-M","200","shopify","1","deny","manual","149.90","","TRUE","TRUE","","1","Ceará Preta/Branca I 23/24","FALSE","Ceará Preta/Branca I 23/24 | Deroche Mantos","Compre Ceará Preta/Branca I 23/24 na Deroche Mantos. Tecido premium, pronta entrega. Pix com desconto e parcelamento em até 12x.","Vestuário e acessórios > Roupas > Camisas e blusas","active"
"chinelo-slide-off-white","Chinelo Slide Off White","<h2>Chinelo Slide Off White</h2>
<p>Chinelo Slide Off White, conforto e estilo para o dia a dia, com solado resistente e acabamento premium.</p>
<h3>Diferenciais</h3>
<ul>
<li>Solado resistente</li>
<li>Conforto no uso diário</li>
<li>Acabamento premium</li>
<li>Design atual</li>
</ul>","Deroche","Vestuário e acessórios > Calçados","Calçados","Calçados, Off White, Masculino","TRUE","Tamanho","39","","","19291918181-39","900","shopify","5","deny","manual","129.90","","TRUE","TRUE","","1","Chinelo Slide Off White","FALSE","Chinelo Slide Off White | Deroche Mantos","Compre Chinelo Slide Off White na Deroche Mantos. Qualidade garantida, pronta entrega. Pix com desconto e parcelamento em até 12x.","Vestuário e acessórios > Calçados","active"
"chinelo-slide-off-white","","","","","","","","Tamanho","43","","","19291918181-43","900","shopify","1","deny","manual","129.90","","TRUE","TRUE","","","","","","","",""
"chinelo-slide-off-white","","","","","","","","Tamanho","45","","","19291918181-45","900","shopify","2","deny","manual","129.90","","TRUE","TRUE","","","","","","","",""
"chinelo-slide-preto","Chinelo Slide Preto","<h2>Chinelo Slide Preto</h2>
<p>Chinelo Slide Preto, conforto e estilo para o dia a dia, com solado resistente e acabamento premium.</p>
<h3>Diferenciais</h3>
<ul>
<li>Solado resistente</li>
<li>Conforto no uso diário</li>
<li>Acabamento premium</li>
<li>Design atual</li>
</ul>","Deroche","Vestuário e acessórios > Calçados","Calçados","Calçados, Preto, Masculino","TRUE","Tamanho","35","","","182828182-35","900","shopify","2","deny","manual","129.90","","TRUE","TRUE","","1","Chinelo Slide Preto","FALSE","Chinelo Slide Preto | Deroche Mantos","Compre Chinelo Slide Preto na Deroche Mantos. Qualidade garantida, pronta entrega. Pix com desconto e parcelamento em até 12x.","Vestuário e acessórios > Calçados","active"
"chinelo-slide-preto","","","","","","","","Tamanho","37","","","182828182-37","900","shopify","2","deny","manual","129.90","","TRUE","TRUE","","","","","","","",""
"chinelo-slide-preto","","","","","","","","Tamanho","41","","","182828182-41","900","shopify","1","deny","manual","129.90","","TRUE","TRUE","","","","","","","",""
"chinelo-slide-preto","","","","","","","","Tamanho","45","","","182828182-45","900","shopify","1","deny","manual","129.90","","TRUE","TRUE","","","","","","","",""
"copo-termico-para-long-neck","Copo Térmico para Long Neck","<h2>Copo Térmico para Long Neck</h2>
<p>Copo Térmico para Long Neck, produto eletrônico com boa autonomia e acabamento resistente para uso diário.</p>
<h3>Diferenciais</h3>
<ul>
<li>Boa autonomia</li>
<li>Acabamento resistente</li>
<li>Fácil de usar</li>
<li>Ótimo custo-benefício</li>
</ul>","Deroche","Eletrônicos","Eletrônicos","Eletrônicos, Masculino","TRUE","Title","Default Title","","","182818381","300","shopify","8","deny","manual","49.90","","TRUE","TRUE","","1","Copo Térmico para Long Neck","FALSE","Copo Térmico para Long Neck | Deroche Mantos","Compre Copo Térmico para Long Neck na Deroche Mantos. Qualidade garantida, pronta entrega. Pix com desconto e parcelamento em até 12x.","Eletrônicos","active"
"corinthians-branca-2025","Corinthians Branca 2025","<h2>Corinthians Branca 2025</h2>
<p>Camisa inspirada no uniforme do Corinthians temporada 2025. Confeccionada em tecido Dry Fit Premium, com excelente acabamento. Ideal para torcedores e colecionadores.</p>
<h3>Diferenciais</h3>
<ul>
<li>Tecido Dry Fit Premium</li>
<li>Costura reforçada</li>
<li>Escudo bordado</li>
<li>Alta respirabilidade</li>
<li>Excelente acabamento</li>
</ul>","Deroche","Vestuário e acessórios > Roupas > Camisas e blusas","Camisas Futebol","Corinthians, Camisa Corinthians, 2025, Camisas Futebol, Branca, Masculino, Futebol, Brasileirão","TRUE","Tamanho","3XGG","","","1929292919119-3XGG","200","shopify","7","deny","manual","149.90","","TRUE","TRUE","","1","Corinthians Branca 2025","FALSE","Corinthians Branca 2025 | Deroche Mantos","Compre Corinthians Branca 2025 na Deroche Mantos. Tecido premium, pronta entrega. Pix com desconto e parcelamento em até 12x.","Vestuário e acessórios > Roupas > Camisas e blusas","active"
"corinthians-branca-2025","","","","","","","","Tamanho","4XGG","","","1929292919119-4XGG","200","shopify","8","deny","manual","149.90","","TRUE","TRUE","","","","","","","",""
"corinthians-preta-2025","Corinthians Preta 2025","<h2>Corinthians Preta 2025</h2>
<p>Camisa inspirada no uniforme do Corinthians temporada 2025. Confeccionada em tecido Dry Fit Premium, com excelente acabamento. Ideal para torcedores e colecionadores.</p>
<h3>Diferenciais</h3>
<ul>
<li>Tecido Dry Fit Premium</li>
<li>Costura reforçada</li>
<li>Escudo bordado</li>
<li>Alta respirabilidade</li>
<li>Excelente acabamento</li>
</ul>","Deroche","Vestuário e acessórios > Roupas > Camisas e blusas","Camisas Futebol","Corinthians, Camisa Corinthians, 2025, Camisas Futebol, Preta, Masculino, Futebol, Brasileirão","TRUE","Tamanho","4XGG","","","19192819191-4XGG","200","shopify","4","deny","manual","149.90","","TRUE","TRUE","","1","Corinthians Preta 2025","FALSE","Corinthians Preta 2025 | Deroche Mantos","Compre Corinthians Preta 2025 na Deroche Mantos. Tecido premium, pronta entrega. Pix com desconto e parcelamento em até 12x.","Vestuário e acessórios > Roupas > Camisas e blusas","active"
"corinthians-preta-e-laranja","Corinthians Preta e Laranja","<h2>Corinthians Preta e Laranja</h2>
<p>Camisa inspirada no uniforme do Corinthians. Confeccionada em tecido Dry Fit Premium, com excelente acabamento. Ideal para torcedores e colecionadores.</p>
<h3>Diferenciais</h3>
<ul>
<li>Tecido Dry Fit Premium</li>
<li>Costura reforçada</li>
<li>Escudo bordado</li>
<li>Alta respirabilidade</li>
<li>Excelente acabamento</li>
</ul>","Deroche","Vestuário e acessórios > Roupas > Camisas e blusas","Camisas Futebol","Corinthians, Camisa Corinthians, Camisas Futebol, Preta, Masculino, Futebol, Brasileirão","TRUE","Tamanho","P","","","2828281811818-P","200","shopify","4","deny","manual","160.00","","TRUE","TRUE","","1","Corinthians Preta e Laranja","FALSE","Corinthians Preta e Laranja | Deroche Mantos","Compre Corinthians Preta e Laranja na Deroche Mantos. Tecido premium, pronta entrega. Pix com desconto e parcelamento em até 12x.","Vestuário e acessórios > Roupas > Camisas e blusas","active"
"corinthians-preta-e-laranja","","","","","","","","Tamanho","M","","","2828281811818-M","200","shopify","8","deny","manual","160.00","","TRUE","TRUE","","","","","","","",""
"corinthians-preta-e-laranja","","","","","","","","Tamanho","G","","","2828281811818-G","200","shopify","5","deny","manual","160.00","","TRUE","TRUE","","","","","","","",""
"cotoveleira","Cotoveleira","<h2>Cotoveleira</h2>
<p>Cotoveleira, acessório de treino para melhorar performance e proteção durante os exercícios.</p>
<h3>Diferenciais</h3>
<ul>
<li>Material resistente</li>
<li>Ajuste confortável</li>
<li>Ideal para treinos</li>
<li>Proteção articular</li>
</ul>","Deroche","Esportes e ar livre > Equipamentos esportivos > Equipamentos de fitness","Academia","Academia, Masculino","TRUE","Title","Default Title","","","192929292","100","shopify","5","deny","manual","49.90","","TRUE","TRUE","","1","Cotoveleira","FALSE","Cotoveleira | Deroche Mantos","Compre Cotoveleira na Deroche Mantos. Qualidade garantida, pronta entrega. Pix com desconto e parcelamento em até 12x.","Esportes e ar livre > Equipamentos esportivos > Equipamentos de fitness","active"
"cropped-branco-feminino","Cropped Branco Feminino","<h2>Cropped Branco Feminino</h2>
<p>Peça streetwear cropped branco feminino, com caimento moderno e tecido confortável para o dia a dia urbano.</p>
<h3>Diferenciais</h3>
<ul>
<li>Tecido de alta qualidade</li>
<li>Caimento moderno</li>
<li>Conforto para uso diário</li>
<li>Estilo streetwear autêntico</li>
</ul>","Deroche","Vestuário e acessórios > Roupas","Streetwear","Streetwear, Branco, Feminino","TRUE","Tamanho","P","","","181828282-P","220","shopify","1","deny","manual","129.90","","TRUE","TRUE","","1","Cropped Branco Feminino","FALSE","Cropped Branco Feminino | Deroche Mantos","Compre Cropped Branco Feminino na Deroche Mantos. Qualidade garantida, pronta entrega. Pix com desconto e parcelamento em até 12x.","Vestuário e acessórios > Roupas","active"
"cropped-branco-feminino","","","","","","","","Tamanho","M","","","181828282-M","220","shopify","3","deny","manual","129.90","","TRUE","TRUE","","","","","","","",""
"cropped-branco-feminino","","","","","","","","Tamanho","G","","","181828282-G","220","shopify","2","deny","manual","129.90","","TRUE","TRUE","","","","","","","",""
"cropped-off-white-feminino","Cropped Off White Feminino","<h2>Cropped Off White Feminino</h2>
<p>Peça streetwear cropped off white feminino, com caimento moderno e tecido confortável para o dia a dia urbano.</p>
<h3>Diferenciais</h3>
<ul>
<li>Tecido de alta qualidade</li>
<li>Caimento moderno</li>
<li>Conforto para uso diário</li>
<li>Estilo streetwear autêntico</li>
</ul>","Deroche","Vestuário e acessórios > Roupas","Streetwear","Streetwear, Off White, Feminino","TRUE","Tamanho","M","","","1828281-M","220","shopify","3","deny","manual","129.90","","TRUE","TRUE","","1","Cropped Off White Feminino","FALSE","Cropped Off White Feminino | Deroche Mantos","Compre Cropped Off White Feminino na Deroche Mantos. Qualidade garantida, pronta entrega. Pix com desconto e parcelamento em até 12x.","Vestuário e acessórios > Roupas","active"
"cropped-off-white-feminino","","","","","","","","Tamanho","G","","","1828281-G","220","shopify","2","deny","manual","129.90","","TRUE","TRUE","","","","","","","",""
"cropped-preto-feminino","Cropped Preto Feminino","<h2>Cropped Preto Feminino</h2>
<p>Peça streetwear cropped preto feminino, com caimento moderno e tecido confortável para o dia a dia urbano.</p>
<h3>Diferenciais</h3>
<ul>
<li>Tecido de alta qualidade</li>
<li>Caimento moderno</li>
<li>Conforto para uso diário</li>
<li>Estilo streetwear autêntico</li>
</ul>","Deroche","Vestuário e acessórios > Roupas","Streetwear","Streetwear, Preto, Feminino","TRUE","Tamanho","G","","","28383828-G","220","shopify","3","deny","manual","129.90","","TRUE","TRUE","","1","Cropped Preto Feminino","FALSE","Cropped Preto Feminino | Deroche Mantos","Compre Cropped Preto Feminino na Deroche Mantos. Qualidade garantida, pronta entrega. Pix com desconto e parcelamento em até 12x.","Vestuário e acessórios > Roupas","active"
"cropped-rosa-feminino","Cropped Rosa Feminino","<h2>Cropped Rosa Feminino</h2>
<p>Peça streetwear cropped rosa feminino, com caimento moderno e tecido confortável para o dia a dia urbano.</p>
<h3>Diferenciais</h3>
<ul>
<li>Tecido de alta qualidade</li>
<li>Caimento moderno</li>
<li>Conforto para uso diário</li>
<li>Estilo streetwear autêntico</li>
</ul>","Deroche","Vestuário e acessórios > Roupas","Streetwear","Streetwear, Rosa, Feminino","TRUE","Tamanho","M","","","282828282822828-M","220","shopify","2","deny","manual","129.90","","TRUE","TRUE","","1","Cropped Rosa Feminino","FALSE","Cropped Rosa Feminino | Deroche Mantos","Compre Cropped Rosa Feminino na Deroche Mantos. Qualidade garantida, pronta entrega. Pix com desconto e parcelamento em até 12x.","Vestuário e acessórios > Roupas","active"
"cropped-rosa-feminino","","","","","","","","Tamanho","G","","","282828282822828-G","220","shopify","1","deny","manual","129.90","","TRUE","TRUE","","","","","","","",""
"cruzeiro-azul-2023","Cruzeiro Azul 2023","<h2>Cruzeiro Azul 2023</h2>
<p>Camisa inspirada no uniforme do Cruzeiro temporada 2023. Confeccionada em tecido Dry Fit Premium, com excelente acabamento. Ideal para torcedores e colecionadores.</p>
<h3>Diferenciais</h3>
<ul>
<li>Tecido Dry Fit Premium</li>
<li>Costura reforçada</li>
<li>Escudo bordado</li>
<li>Alta respirabilidade</li>
<li>Excelente acabamento</li>
</ul>","Deroche","Vestuário e acessórios > Roupas > Camisas e blusas","Camisas Futebol","Cruzeiro, Camisa Cruzeiro, 2023, Camisas Futebol, Azul, Masculino, Futebol, Brasileirão","TRUE","Tamanho","P","","","28481828281-P","200","shopify","1","deny","manual","129.90","","TRUE","TRUE","","1","Cruzeiro Azul 2023","FALSE","Cruzeiro Azul 2023 | Deroche Mantos","Compre Cruzeiro Azul 2023 na Deroche Mantos. Tecido premium, pronta entrega. Pix com desconto e parcelamento em até 12x.","Vestuário e acessórios > Roupas > Camisas e blusas","active"
"cruzeiro-azul-2025","Cruzeiro Azul 2025","<h2>Cruzeiro Azul 2025</h2>
<p>Camisa inspirada no uniforme do Cruzeiro temporada 2025. Confeccionada em tecido Dry Fit Premium, com excelente acabamento. Ideal para torcedores e colecionadores.</p>
<h3>Diferenciais</h3>
<ul>
<li>Tecido Dry Fit Premium</li>
<li>Costura reforçada</li>
<li>Escudo bordado</li>
<li>Alta respirabilidade</li>
<li>Excelente acabamento</li>
</ul>","Deroche","Vestuário e acessórios > Roupas > Camisas e blusas","Camisas Futebol","Cruzeiro, Camisa Cruzeiro, 2025, Camisas Futebol, Azul, Masculino, Futebol, Brasileirão","TRUE","Tamanho","P","","","192828282-P","200","shopify","1","deny","manual","139.90","","TRUE","TRUE","","1","Cruzeiro Azul 2025","FALSE","Cruzeiro Azul 2025 | Deroche Mantos","Compre Cruzeiro Azul 2025 na Deroche Mantos. Tecido premium, pronta entrega. Pix com desconto e parcelamento em até 12x.","Vestuário e acessórios > Roupas > Camisas e blusas","active"
"cruzeiro-azul-2025","","","","","","","","Tamanho","XGG","","","192828282-XGG","200","shopify","1","deny","manual","139.90","","TRUE","TRUE","","","","","","","",""
"cruzeiro-branca-2025","Cruzeiro Branca 2025","<h2>Cruzeiro Branca 2025</h2>
<p>Camisa inspirada no uniforme do Cruzeiro temporada 2025. Confeccionada em tecido Dry Fit Premium, com excelente acabamento. Ideal para torcedores e colecionadores.</p>
<h3>Diferenciais</h3>
<ul>
<li>Tecido Dry Fit Premium</li>
<li>Costura reforçada</li>
<li>Escudo bordado</li>
<li>Alta respirabilidade</li>
<li>Excelente acabamento</li>
</ul>","Deroche","Vestuário e acessórios > Roupas > Camisas e blusas","Camisas Futebol","Cruzeiro, Camisa Cruzeiro, 2025, Camisas Futebol, Branca, Masculino, Futebol, Brasileirão","TRUE","Tamanho","XGG","","","394929282-XGG","200","shopify","1","deny","manual","139.90","","TRUE","TRUE","","1","Cruzeiro Branca 2025","FALSE","Cruzeiro Branca 2025 | Deroche Mantos","Compre Cruzeiro Branca 2025 na Deroche Mantos. Tecido premium, pronta entrega. Pix com desconto e parcelamento em até 12x.","Vestuário e acessórios > Roupas > Camisas e blusas","active"
"flamengo-rubro-negra-i-2026","Flamengo Rubro Negra I 2026","<h2>Flamengo Rubro Negra I 2026</h2>
<p>Camisa inspirada no uniforme do Flamengo temporada 2026. Confeccionada em tecido Dry Fit Premium, com excelente acabamento. Ideal para torcedores e colecionadores.</p>
<h3>Diferenciais</h3>
<ul>
<li>Tecido Dry Fit Premium</li>
<li>Costura reforçada</li>
<li>Escudo bordado</li>
<li>Alta respirabilidade</li>
<li>Excelente acabamento</li>
</ul>","Deroche","Vestuário e acessórios > Roupas > Camisas e blusas","Camisas Futebol","Flamengo, Camisa Flamengo, 2026, Camisas Futebol, Rubro Negra, Masculino, Futebol, Brasileirão","TRUE","Tamanho","XGG","","","2938282821-XGG","200","shopify","1","deny","manual","180.00","","TRUE","TRUE","","1","Flamengo Rubro Negra I 2026","FALSE","Flamengo Rubro Negra I 2026 | Deroche Mantos","Compre Flamengo Rubro Negra I 2026 na Deroche Mantos. Tecido premium, pronta entrega. Pix com desconto e parcelamento em até 12x.","Vestuário e acessórios > Roupas > Camisas e blusas","active"
"fluminense-branca-2025","Fluminense Branca 2025","<h2>Fluminense Branca 2025</h2>
<p>Camisa inspirada no uniforme do Fluminense temporada 2025. Confeccionada em tecido Dry Fit Premium, com excelente acabamento. Ideal para torcedores e colecionadores.</p>
<h3>Diferenciais</h3>
<ul>
<li>Tecido Dry Fit Premium</li>
<li>Costura reforçada</li>
<li>Escudo bordado</li>
<li>Alta respirabilidade</li>
<li>Excelente acabamento</li>
</ul>","Deroche","Vestuário e acessórios > Roupas > Camisas e blusas","Camisas Futebol","Fluminense, Camisa Fluminense, 2025, Camisas Futebol, Branca, Masculino, Futebol, Brasileirão","TRUE","Tamanho","P","","","2838283828228-P","200","shopify","1","deny","manual","149.90","","TRUE","TRUE","","1","Fluminense Branca 2025","FALSE","Fluminense Branca 2025 | Deroche Mantos","Compre Fluminense Branca 2025 na Deroche Mantos. Tecido premium, pronta entrega. Pix com desconto e parcelamento em até 12x.","Vestuário e acessórios > Roupas > Camisas e blusas","active"
"fluminense-branca-2025","","","","","","","","Tamanho","G","","","2838283828228-G","200","shopify","1","deny","manual","149.90","","TRUE","TRUE","","","","","","","",""
"fluminense-tricolor-2025","Fluminense Tricolor 2025","<h2>Fluminense Tricolor 2025</h2>
<p>Camisa inspirada no uniforme do Fluminense temporada 2025. Confeccionada em tecido Dry Fit Premium, com excelente acabamento. Ideal para torcedores e colecionadores.</p>
<h3>Diferenciais</h3>
<ul>
<li>Tecido Dry Fit Premium</li>
<li>Costura reforçada</li>
<li>Escudo bordado</li>
<li>Alta respirabilidade</li>
<li>Excelente acabamento</li>
</ul>","Deroche","Vestuário e acessórios > Roupas > Camisas e blusas","Camisas Futebol","Fluminense, Camisa Fluminense, 2025, Camisas Futebol, Tricolor, Masculino, Futebol, Brasileirão","TRUE","Tamanho","XGG","","","19293928238-XGG","200","shopify","1","deny","manual","149.90","","TRUE","TRUE","","1","Fluminense Tricolor 2025","FALSE","Fluminense Tricolor 2025 | Deroche Mantos","Compre Fluminense Tricolor 2025 na Deroche Mantos. Tecido premium, pronta entrega. Pix com desconto e parcelamento em até 12x.","Vestuário e acessórios > Roupas > Camisas e blusas","active"
"fone-de-ouvido-bluetooth","Fone de Ouvido Bluetooth","<h2>Fone de Ouvido Bluetooth</h2>
<p>Fone de Ouvido Bluetooth, produto eletrônico com boa autonomia e acabamento resistente para uso diário.</p>
<h3>Diferenciais</h3>
<ul>
<li>Boa autonomia</li>
<li>Acabamento resistente</li>
<li>Fácil de usar</li>
<li>Ótimo custo-benefício</li>
</ul>","Deroche","Eletrônicos","Eletrônicos","Eletrônicos, Masculino","TRUE","Title","Default Title","","","19292881","300","shopify","11","deny","manual","120.00","","TRUE","TRUE","","1","Fone de Ouvido Bluetooth","FALSE","Fone de Ouvido Bluetooth | Deroche Mantos","Compre Fone de Ouvido Bluetooth na Deroche Mantos. Qualidade garantida, pronta entrega. Pix com desconto e parcelamento em até 12x.","Eletrônicos","active"
"fone-de-ouvido-headphone-bluetooth","Fone de Ouvido Headphone Bluetooth","<h2>Fone de Ouvido Headphone Bluetooth</h2>
<p>Fone de Ouvido Headphone Bluetooth, produto eletrônico com boa autonomia e acabamento resistente para uso diário.</p>
<h3>Diferenciais</h3>
<ul>
<li>Boa autonomia</li>
<li>Acabamento resistente</li>
<li>Fácil de usar</li>
<li>Ótimo custo-benefício</li>
</ul>","Deroche","Eletrônicos","Eletrônicos","Eletrônicos, Masculino","TRUE","Title","Default Title","","","18181811","300","shopify","6","deny","manual","199.90","","TRUE","TRUE","","1","Fone de Ouvido Headphone Bluetooth","FALSE","Fone de Ouvido Headphone Bluetooth | Deroche Mantos","Compre Fone de Ouvido Headphone Bluetooth na Deroche Mantos. Qualidade garantida, pronta entrega. Pix com desconto e parcelamento em até 12x.","Eletrônicos","active"
"garrafa-termica-500-ml","Garrafa Térmica 500 ML","<h2>Garrafa Térmica 500 ML</h2>
<p>Garrafa Térmica 500 ML, produto eletrônico com boa autonomia e acabamento resistente para uso diário.</p>
<h3>Diferenciais</h3>
<ul>
<li>Boa autonomia</li>
<li>Acabamento resistente</li>
<li>Fácil de usar</li>
<li>Ótimo custo-benefício</li>
</ul>","Deroche","Eletrônicos","Eletrônicos","Eletrônicos, Masculino","TRUE","Title","Default Title","","","19292929292922828","300","shopify","4","deny","manual","49.90","","TRUE","TRUE","","1","Garrafa Térmica 500 ML","FALSE","Garrafa Térmica 500 ML | Deroche Mantos","Compre Garrafa Térmica 500 ML na Deroche Mantos. Qualidade garantida, pronta entrega. Pix com desconto e parcelamento em até 12x.","Eletrônicos","active"
"gloss-franciny-ehlke","Gloss Franciny Ehlke","<h2>Gloss Franciny Ehlke</h2>
<p>Gloss Franciny Ehlke, produto de qualidade Deroche Mantos, pronto para uso diário.</p>
<h3>Diferenciais</h3>
<ul>
<li>Alta qualidade</li>
<li>Bom custo-benefício</li>
<li>Pronta entrega</li>
</ul>","Deroche","Vestuário e acessórios > Acessórios de vestuário","Acessórios","Acessórios, Masculino","TRUE","Title","Default Title","","","18282828227272727","150","shopify","9","deny","manual","34.90","","TRUE","TRUE","","1","Gloss Franciny Ehlke","FALSE","Gloss Franciny Ehlke | Deroche Mantos","Compre Gloss Franciny Ehlke na Deroche Mantos. Qualidade garantida, pronta entrega. Pix com desconto e parcelamento em até 12x.","Vestuário e acessórios > Acessórios de vestuário","active"
"hand-grip","Hand Grip","<h2>Hand Grip</h2>
<p>Hand Grip, acessório de treino para melhorar performance e proteção durante os exercícios.</p>
<h3>Diferenciais</h3>
<ul>
<li>Material resistente</li>
<li>Ajuste confortável</li>
<li>Ideal para treinos</li>
<li>Proteção articular</li>
</ul>","Deroche","Esportes e ar livre > Equipamentos esportivos > Equipamentos de fitness","Academia","Academia, Masculino","TRUE","Title","Default Title","","","1029471727371831","100","shopify","8","deny","manual","34.90","","TRUE","TRUE","","1","Hand Grip","FALSE","Hand Grip | Deroche Mantos","Compre Hand Grip na Deroche Mantos. Qualidade garantida, pronta entrega. Pix com desconto e parcelamento em até 12x.","Esportes e ar livre > Equipamentos esportivos > Equipamentos de fitness","active"
"hand-grip-oasis","Hand Grip Oásis","<h2>Hand Grip Oásis</h2>
<p>Hand Grip Oásis, acessório de treino para melhorar performance e proteção durante os exercícios.</p>
<h3>Diferenciais</h3>
<ul>
<li>Material resistente</li>
<li>Ajuste confortável</li>
<li>Ideal para treinos</li>
<li>Proteção articular</li>
</ul>","Deroche","Esportes e ar livre > Equipamentos esportivos > Equipamentos de fitness","Academia","Academia, Masculino","TRUE","Title","Default Title","","","18182821","100","shopify","2","deny","manual","49.90","","TRUE","TRUE","","1","Hand Grip Oásis","FALSE","Hand Grip Oásis | Deroche Mantos","Compre Hand Grip Oásis na Deroche Mantos. Qualidade garantida, pronta entrega. Pix com desconto e parcelamento em até 12x.","Esportes e ar livre > Equipamentos esportivos > Equipamentos de fitness","active"
"jamaica-preta-2024","Jamaica Preta 2024","<h2>Jamaica Preta 2024</h2>
<p>Camisa inspirada no uniforme do Jamaica temporada 2024. Confeccionada em tecido Dry Fit Premium, com excelente acabamento. Ideal para torcedores e colecionadores.</p>
<h3>Diferenciais</h3>
<ul>
<li>Tecido Dry Fit Premium</li>
<li>Costura reforçada</li>
<li>Escudo bordado</li>
<li>Alta respirabilidade</li>
<li>Excelente acabamento</li>
</ul>","Deroche","Vestuário e acessórios > Roupas > Camisas e blusas","Camisas Futebol","Jamaica, Camisa Jamaica, 2024, Camisas Futebol, Preta, Masculino, Futebol, Brasileirão","TRUE","Tamanho","P","","","292919319-P","200","shopify","1","deny","manual","129.90","","TRUE","TRUE","","1","Jamaica Preta 2024","FALSE","Jamaica Preta 2024 | Deroche Mantos","Compre Jamaica Preta 2024 na Deroche Mantos. Tecido premium, pronta entrega. Pix com desconto e parcelamento em até 12x.","Vestuário e acessórios > Roupas > Camisas e blusas","active"
"japao-comemorativa-anime-ii","Japão Comemorativa Anime II","<h2>Japão Comemorativa Anime II</h2>
<p>Camisa inspirada no uniforme do Japão. Confeccionada em tecido Dry Fit Premium, com excelente acabamento. Ideal para torcedores e colecionadores.</p>
<h3>Diferenciais</h3>
<ul>
<li>Tecido Dry Fit Premium</li>
<li>Costura reforçada</li>
<li>Escudo bordado</li>
<li>Alta respirabilidade</li>
<li>Excelente acabamento</li>
</ul>","Deroche","Vestuário e acessórios > Roupas > Camisas e blusas","Camisas Futebol","Japão, Camisa Japão, Camisas Futebol, Masculino, Futebol, Brasileirão","TRUE","Tamanho","P","","","184819391-P","200","shopify","1","deny","manual","129.90","","TRUE","TRUE","","1","Japão Comemorativa Anime II","FALSE","Japão Comemorativa Anime II | Deroche Mantos","Compre Japão Comemorativa Anime II na Deroche Mantos. Tecido premium, pronta entrega. Pix com desconto e parcelamento em até 12x.","Vestuário e acessórios > Roupas > Camisas e blusas","active"
"japao-preta-goku-2025","Japão Preta Goku 2025","<h2>Japão Preta Goku 2025</h2>
<p>Camisa inspirada no uniforme do Japão temporada 2025. Confeccionada em tecido Dry Fit Premium, com excelente acabamento. Ideal para torcedores e colecionadores.</p>
<h3>Diferenciais</h3>
<ul>
<li>Tecido Dry Fit Premium</li>
<li>Costura reforçada</li>
<li>Escudo bordado</li>
<li>Alta respirabilidade</li>
<li>Excelente acabamento</li>
</ul>","Deroche","Vestuário e acessórios > Roupas > Camisas e blusas","Camisas Futebol","Japão, Camisa Japão, 2025, Camisas Futebol, Preta, Masculino, Futebol, Brasileirão","TRUE","Tamanho","P","","","2938182-P","200","shopify","2","deny","manual","129.90","","TRUE","TRUE","","1","Japão Preta Goku 2025","FALSE","Japão Preta Goku 2025 | Deroche Mantos","Compre Japão Preta Goku 2025 na Deroche Mantos. Tecido premium, pronta entrega. Pix com desconto e parcelamento em até 12x.","Vestuário e acessórios > Roupas > Camisas e blusas","active"
"japao-preta-goku-2025","","","","","","","","Tamanho","M","","","2938182-M","200","shopify","1","deny","manual","129.90","","TRUE","TRUE","","","","","","","",""
"jaqueta-palmeiras-verde","Jaqueta Palmeiras Verde","<h2>Jaqueta Palmeiras Verde</h2>
<p>Peça streetwear jaqueta palmeiras verde, com caimento moderno e tecido confortável para o dia a dia urbano.</p>
<h3>Diferenciais</h3>
<ul>
<li>Tecido de alta qualidade</li>
<li>Caimento moderno</li>
<li>Conforto para uso diário</li>
<li>Estilo streetwear autêntico</li>
</ul>","Deroche","Vestuário e acessórios > Roupas","Streetwear","Palmeiras, Camisa Palmeiras, Streetwear, Verde, Masculino","TRUE","Tamanho","M","","","8282828118-M","220","shopify","1","deny","manual","249.90","","TRUE","TRUE","","1","Jaqueta Palmeiras Verde","FALSE","Jaqueta Palmeiras Verde | Deroche Mantos","Compre Jaqueta Palmeiras Verde na Deroche Mantos. Qualidade garantida, pronta entrega. Pix com desconto e parcelamento em até 12x.","Vestuário e acessórios > Roupas","active"
"joelheira","Joelheira","<h2>Joelheira</h2>
<p>Joelheira, acessório de treino para melhorar performance e proteção durante os exercícios.</p>
<h3>Diferenciais</h3>
<ul>
<li>Material resistente</li>
<li>Ajuste confortável</li>
<li>Ideal para treinos</li>
<li>Proteção articular</li>
</ul>","Deroche","Esportes e ar livre > Equipamentos esportivos > Equipamentos de fitness","Academia","Academia, Masculino","TRUE","Title","Default Title","","","9229292","100","shopify","2","deny","manual","49.90","","TRUE","TRUE","","1","Joelheira","FALSE","Joelheira | Deroche Mantos","Compre Joelheira na Deroche Mantos. Qualidade garantida, pronta entrega. Pix com desconto e parcelamento em até 12x.","Esportes e ar livre > Equipamentos esportivos > Equipamentos de fitness","active"
"juventus-branco-preto-i-22-23","Juventus Branco/Preto I 22/23","<h2>Juventus Branco/Preto I 22/23</h2>
<p>Camisa inspirada no uniforme do Juventus. Confeccionada em tecido Dry Fit Premium, com excelente acabamento. Ideal para torcedores e colecionadores.</p>
<h3>Diferenciais</h3>
<ul>
<li>Tecido Dry Fit Premium</li>
<li>Costura reforçada</li>
<li>Escudo bordado</li>
<li>Alta respirabilidade</li>
<li>Excelente acabamento</li>
</ul>","Deroche","Vestuário e acessórios > Roupas > Camisas e blusas","Camisas Futebol","Juventus, Camisa Juventus, Camisas Futebol, Branco, Masculino, Futebol, Brasileirão","TRUE","Tamanho","P","","","91940247372-P","200","shopify","1","deny","manual","129.90","","TRUE","TRUE","","1","Juventus Branco/Preto I 22/23","FALSE","Juventus Branco/Preto I 22/23 | Deroche Mantos","Compre Juventus Branco/Preto I 22/23 na Deroche Mantos. Tecido premium, pronta entrega. Pix com desconto e parcelamento em até 12x.","Vestuário e acessórios > Roupas > Camisas e blusas","active"
"juventus-preta-branca-2019","Juventus Preta/Branca 2019","<h2>Juventus Preta/Branca 2019</h2>
<p>Camisa inspirada no uniforme do Juventus temporada 2019. Confeccionada em tecido Dry Fit Premium, com excelente acabamento. Ideal para torcedores e colecionadores.</p>
<h3>Diferenciais</h3>
<ul>
<li>Tecido Dry Fit Premium</li>
<li>Costura reforçada</li>
<li>Escudo bordado</li>
<li>Alta respirabilidade</li>
<li>Excelente acabamento</li>
</ul>","Deroche","Vestuário e acessórios > Roupas > Camisas e blusas","Camisas Futebol","Juventus, Camisa Juventus, 2019, Camisas Futebol, Branca, Masculino, Futebol, Brasileirão","TRUE","Tamanho","P","","","2030101023-P","200","shopify","2","deny","manual","129.90","","TRUE","TRUE","","1","Juventus Preta/Branca 2019","FALSE","Juventus Preta/Branca 2019 | Deroche Mantos","Compre Juventus Preta/Branca 2019 na Deroche Mantos. Tecido premium, pronta entrega. Pix com desconto e parcelamento em até 12x.","Vestuário e acessórios > Roupas > Camisas e blusas","active"
"kit-infantil-lens-amarela-vermelha-2024","Kit Infantil Lens Amarela/Vermelha 2024","<h2>Kit Infantil Lens Amarela/Vermelha 2024</h2>
<p>Kit Infantil Lens Amarela/Vermelha 2024, kit infantil confortável e resistente, perfeito para o pequeno torcedor.</p>
<h3>Diferenciais</h3>
<ul>
<li>Tecido confortável</li>
<li>Alta durabilidade</li>
<li>Ideal para o dia a dia</li>
<li>Ótimo para presentear</li>
</ul>","Deroche","Vestuário e acessórios > Roupas > Roupas infantis e para bebês","Infantil","2024, Infantil, Amarela","TRUE","Title","Default Title","","","28381828182","200","shopify","1","deny","manual","99.90","","TRUE","TRUE","","1","Kit Infantil Lens Amarela/Vermelha 2024","FALSE","Kit Infantil Lens Amarela/Vermelha 2024 | Deroche Mantos","Compre Kit Infantil Lens Amarela/Vermelha 2024 na Deroche Mantos. Qualidade garantida, pronta entrega. Pix com desconto e parcelamento em até 12x.","Vestuário e acessórios > Roupas > Roupas infantis e para bebês","active"
"kit-infantil-vasco-2024","Kit Infantil Vasco 2024","<h2>Kit Infantil Vasco 2024</h2>
<p>Kit Infantil Vasco 2024, kit infantil confortável e resistente, perfeito para o pequeno torcedor.</p>
<h3>Diferenciais</h3>
<ul>
<li>Tecido confortável</li>
<li>Alta durabilidade</li>
<li>Ideal para o dia a dia</li>
<li>Ótimo para presentear</li>
</ul>","Deroche","Vestuário e acessórios > Roupas > Roupas infantis e para bebês","Infantil","Vasco, Camisa Vasco, 2024, Infantil","TRUE","Title","Default Title","","","2928182828","200","shopify","1","deny","manual","149.90","","TRUE","TRUE","","1","Kit Infantil Vasco 2024","FALSE","Kit Infantil Vasco 2024 | Deroche Mantos","Compre Kit Infantil Vasco 2024 na Deroche Mantos. Qualidade garantida, pronta entrega. Pix com desconto e parcelamento em até 12x.","Vestuário e acessórios > Roupas > Roupas infantis e para bebês","active"
"luva-de-academia","Luva de Academia","<h2>Luva de Academia</h2>
<p>Luva de Academia, acessório de treino para melhorar performance e proteção durante os exercícios.</p>
<h3>Diferenciais</h3>
<ul>
<li>Material resistente</li>
<li>Ajuste confortável</li>
<li>Ideal para treinos</li>
<li>Proteção articular</li>
</ul>","Deroche","Esportes e ar livre > Equipamentos esportivos > Equipamentos de fitness","Academia","Academia, Masculino","TRUE","Title","Default Title","","","18383828","100","shopify","5","deny","manual","49.90","","TRUE","TRUE","","1","Luva de Academia","FALSE","Luva de Academia | Deroche Mantos","Compre Luva de Academia na Deroche Mantos. Qualidade garantida, pronta entrega. Pix com desconto e parcelamento em até 12x.","Esportes e ar livre > Equipamentos esportivos > Equipamentos de fitness","active"
"meia-antiderrapante-azul","Meia Antiderrapante Azul","<h2>Meia Antiderrapante Azul</h2>
<p>Meia Antiderrapante Azul, produto de qualidade Deroche Mantos, pronto para uso diário.</p>
<h3>Diferenciais</h3>
<ul>
<li>Alta qualidade</li>
<li>Bom custo-benefício</li>
<li>Pronta entrega</li>
</ul>","Deroche","Vestuário e acessórios > Acessórios de vestuário","Acessórios","Acessórios, Azul, Masculino","TRUE","Title","Default Title","","","28281828221717","150","shopify","19","deny","manual","20.00","","TRUE","TRUE","","1","Meia Antiderrapante Azul","FALSE","Meia Antiderrapante Azul | Deroche Mantos","Compre Meia Antiderrapante Azul na Deroche Mantos. Qualidade garantida, pronta entrega. Pix com desconto e parcelamento em até 12x.","Vestuário e acessórios > Acessórios de vestuário","active"
"meia-antiderrapante-branca","Meia Antiderrapante Branca","<h2>Meia Antiderrapante Branca</h2>
<p>Meia Antiderrapante Branca, produto de qualidade Deroche Mantos, pronto para uso diário.</p>
<h3>Diferenciais</h3>
<ul>
<li>Alta qualidade</li>
<li>Bom custo-benefício</li>
<li>Pronta entrega</li>
</ul>","Deroche","Vestuário e acessórios > Acessórios de vestuário","Acessórios","Acessórios, Branca, Masculino","TRUE","Title","Default Title","","","1828181818","150","shopify","37","deny","manual","20.00","","TRUE","TRUE","","1","Meia Antiderrapante Branca","FALSE","Meia Antiderrapante Branca | Deroche Mantos","Compre Meia Antiderrapante Branca na Deroche Mantos. Qualidade garantida, pronta entrega. Pix com desconto e parcelamento em até 12x.","Vestuário e acessórios > Acessórios de vestuário","active"
"meia-antiderrapante-preta","Meia Antiderrapante Preta","<h2>Meia Antiderrapante Preta</h2>
<p>Meia Antiderrapante Preta, produto de qualidade Deroche Mantos, pronto para uso diário.</p>
<h3>Diferenciais</h3>
<ul>
<li>Alta qualidade</li>
<li>Bom custo-benefício</li>
<li>Pronta entrega</li>
</ul>","Deroche","Vestuário e acessórios > Acessórios de vestuário","Acessórios","Acessórios, Preta, Masculino","TRUE","Title","Default Title","","","81828218282","150","shopify","36","deny","manual","20.00","","TRUE","TRUE","","1","Meia Antiderrapante Preta","FALSE","Meia Antiderrapante Preta | Deroche Mantos","Compre Meia Antiderrapante Preta na Deroche Mantos. Qualidade garantida, pronta entrega. Pix com desconto e parcelamento em até 12x.","Vestuário e acessórios > Acessórios de vestuário","active"
"mochila-adidas-original","Mochila Adidas Original","<h2>Mochila Adidas Original</h2>
<p>Mochila Adidas Original, ideal para uso escolar, esportivo ou viagens curtas, com bom espaço interno e reforço nas costuras.</p>
<h3>Diferenciais</h3>
<ul>
<li>Material resistente</li>
<li>Bom espaço interno</li>
<li>Reforço nas costuras</li>
<li>Alças ajustáveis</li>
</ul>","Adidas","Bolsas e malas > Mochilas","Mochilas","Mochilas, Masculino","TRUE","Title","Default Title","","","18183828282","700","shopify","2","deny","manual","219.90","","TRUE","TRUE","","1","Mochila Adidas Original","FALSE","Mochila Adidas Original | Deroche Mantos","Compre Mochila Adidas Original na Deroche Mantos. Qualidade garantida, pronta entrega. Pix com desconto e parcelamento em até 12x.","Bolsas e malas > Mochilas","active"
"mochila-escolar","Mochila Escolar","<h2>Mochila Escolar</h2>
<p>Mochila Escolar, ideal para uso escolar, esportivo ou viagens curtas, com bom espaço interno e reforço nas costuras.</p>
<h3>Diferenciais</h3>
<ul>
<li>Material resistente</li>
<li>Bom espaço interno</li>
<li>Reforço nas costuras</li>
<li>Alças ajustáveis</li>
</ul>","Deroche","Bolsas e malas > Mochilas","Mochilas","Mochilas, Masculino","TRUE","Title","Default Title","","","1828181181111","700","shopify","4","deny","manual","149.90","","TRUE","TRUE","","1","Mochila Escolar","FALSE","Mochila Escolar | Deroche Mantos","Compre Mochila Escolar na Deroche Mantos. Qualidade garantida, pronta entrega. Pix com desconto e parcelamento em até 12x.","Bolsas e malas > Mochilas","active"
"mochila-puma-original","Mochila Puma Original","<h2>Mochila Puma Original</h2>
<p>Mochila Puma Original, ideal para uso escolar, esportivo ou viagens curtas, com bom espaço interno e reforço nas costuras.</p>
<h3>Diferenciais</h3>
<ul>
<li>Material resistente</li>
<li>Bom espaço interno</li>
<li>Reforço nas costuras</li>
<li>Alças ajustáveis</li>
</ul>","Puma","Bolsas e malas > Mochilas","Mochilas","Mochilas, Masculino","TRUE","Title","Default Title","","","299192292","700","shopify","2","deny","manual","219.90","","TRUE","TRUE","","1","Mochila Puma Original","FALSE","Mochila Puma Original | Deroche Mantos","Compre Mochila Puma Original na Deroche Mantos. Qualidade garantida, pronta entrega. Pix com desconto e parcelamento em até 12x.","Bolsas e malas > Mochilas","active"
"mochilas-taticas-55l","Mochilas Táticas 55L","<h2>Mochilas Táticas 55L</h2>
<p>Mochilas Táticas 55L, ideal para uso escolar, esportivo ou viagens curtas, com bom espaço interno e reforço nas costuras.</p>
<h3>Diferenciais</h3>
<ul>
<li>Material resistente</li>
<li>Bom espaço interno</li>
<li>Reforço nas costuras</li>
<li>Alças ajustáveis</li>
</ul>","Deroche","Bolsas e malas > Mochilas","Mochilas","Mochilas, Masculino","TRUE","Title","Default Title","","","282817127","700","shopify","4","deny","manual","249.90","","TRUE","TRUE","","1","Mochilas Táticas 55L","FALSE","Mochilas Táticas 55L | Deroche Mantos","Compre Mochilas Táticas 55L na Deroche Mantos. Qualidade garantida, pronta entrega. Pix com desconto e parcelamento em até 12x.","Bolsas e malas > Mochilas","active"
"nba-celtics-verde-2024","NBA Celtics Verde 2024","<h2>NBA Celtics Verde 2024</h2>
<p>Camisa inspirada no uniforme deste time temporada 2024. Confeccionada em tecido Dry Fit Premium, com excelente acabamento. Ideal para torcedores e colecionadores.</p>
<h3>Diferenciais</h3>
<ul>
<li>Tecido Dry Fit Premium</li>
<li>Costura reforçada</li>
<li>Escudo bordado</li>
<li>Alta respirabilidade</li>
<li>Excelente acabamento</li>
</ul>","Deroche","Vestuário e acessórios > Roupas > Camisas e blusas","NBA","2024, NBA, Verde, Masculino, Basquete","TRUE","Tamanho","GG","","","194919492929-GG","200","shopify","1","deny","manual","199.90","","TRUE","TRUE","","1","NBA Celtics Verde 2024","FALSE","NBA Celtics Verde 2024 | Deroche Mantos","Compre NBA Celtics Verde 2024 na Deroche Mantos. Tecido premium, pronta entrega. Pix com desconto e parcelamento em até 12x.","Vestuário e acessórios > Roupas > Camisas e blusas","active"
"nba-charlotte-hornets","NBA Charlotte Hornets","<h2>NBA Charlotte Hornets</h2>
<p>Camisa inspirada no uniforme deste time. Confeccionada em tecido Dry Fit Premium, com excelente acabamento. Ideal para torcedores e colecionadores.</p>
<h3>Diferenciais</h3>
<ul>
<li>Tecido Dry Fit Premium</li>
<li>Costura reforçada</li>
<li>Escudo bordado</li>
<li>Alta respirabilidade</li>
<li>Excelente acabamento</li>
</ul>","Deroche","Vestuário e acessórios > Roupas > Camisas e blusas","NBA","NBA, Masculino, Basquete","TRUE","Tamanho","G","","","19392929292-G","200","shopify","1","deny","manual","199.90","","TRUE","TRUE","","1","NBA Charlotte Hornets","FALSE","NBA Charlotte Hornets | Deroche Mantos","Compre NBA Charlotte Hornets na Deroche Mantos. Tecido premium, pronta entrega. Pix com desconto e parcelamento em até 12x.","Vestuário e acessórios > Roupas > Camisas e blusas","active"
"nba-charlotte-hornets","","","","","","","","Tamanho","GG","","","19392929292-GG","200","shopify","1","deny","manual","199.90","","TRUE","TRUE","","","","","","","",""
"nba-charlotte-hornets","","","","","","","","Tamanho","XGG","","","19392929292-XGG","200","shopify","1","deny","manual","199.90","","TRUE","TRUE","","","","","","","",""
"nba-toronto-raptors","NBA Toronto Raptors","<h2>NBA Toronto Raptors</h2>
<p>Camisa inspirada no uniforme deste time. Confeccionada em tecido Dry Fit Premium, com excelente acabamento. Ideal para torcedores e colecionadores.</p>
<h3>Diferenciais</h3>
<ul>
<li>Tecido Dry Fit Premium</li>
<li>Costura reforçada</li>
<li>Escudo bordado</li>
<li>Alta respirabilidade</li>
<li>Excelente acabamento</li>
</ul>","Deroche","Vestuário e acessórios > Roupas > Camisas e blusas","NBA","NBA, Masculino, Basquete","TRUE","Tamanho","GG","","","192838282811333-GG","200","shopify","1","deny","manual","199.90","","TRUE","TRUE","","1","NBA Toronto Raptors","FALSE","NBA Toronto Raptors | Deroche Mantos","Compre NBA Toronto Raptors na Deroche Mantos. Tecido premium, pronta entrega. Pix com desconto e parcelamento em até 12x.","Vestuário e acessórios > Roupas > Camisas e blusas","active"
"oakley-bart-wolf","Oakley Bart Wolf","<h2>Oakley Bart Wolf</h2>
<p>Oakley Bart Wolf com proteção UV400, lentes de alta definição e armação resistente para uso esportivo ou casual.</p>
<h3>Diferenciais</h3>
<ul>
<li>Proteção UV400</li>
<li>Lentes de alta definição</li>
<li>Armação resistente</li>
<li>Design esportivo</li>
</ul>","Oakley","Vestuário e acessórios > Acessórios de vestuário > Óculos de sol","Óculos","Óculos, Masculino","TRUE","Title","Default Title","","","1818181811223322","150","shopify","4","deny","manual","129.90","","TRUE","TRUE","","1","Oakley Bart Wolf","FALSE","Oakley Bart Wolf | Deroche Mantos","Compre Oakley Bart Wolf na Deroche Mantos. Qualidade garantida, pronta entrega. Pix com desconto e parcelamento em até 12x.","Vestuário e acessórios > Acessórios de vestuário > Óculos de sol","active"
"oakley-brx","Oakley BRX","<h2>Oakley BRX</h2>
<p>Oakley BRX com proteção UV400, lentes de alta definição e armação resistente para uso esportivo ou casual.</p>
<h3>Diferenciais</h3>
<ul>
<li>Proteção UV400</li>
<li>Lentes de alta definição</li>
<li>Armação resistente</li>
<li>Design esportivo</li>
</ul>","Oakley","Vestuário e acessórios > Acessórios de vestuário > Óculos de sol","Óculos","Óculos, Masculino","TRUE","Title","Default Title","","","192919328","150","shopify","9","deny","manual","149.90","","TRUE","TRUE","","1","Oakley BRX","FALSE","Oakley BRX | Deroche Mantos","Compre Oakley BRX na Deroche Mantos. Qualidade garantida, pronta entrega. Pix com desconto e parcelamento em até 12x.","Vestuário e acessórios > Acessórios de vestuário > Óculos de sol","active"
"oakley-casual-metal","Oakley Casual Metal","<h2>Oakley Casual Metal</h2>
<p>Oakley Casual Metal com proteção UV400, lentes de alta definição e armação resistente para uso esportivo ou casual.</p>
<h3>Diferenciais</h3>
<ul>
<li>Proteção UV400</li>
<li>Lentes de alta definição</li>
<li>Armação resistente</li>
<li>Design esportivo</li>
</ul>","Oakley","Vestuário e acessórios > Acessórios de vestuário > Óculos de sol","Óculos","Óculos, Masculino","TRUE","Title","Default Title","","","8128181818","150","shopify","8","deny","manual","149.90","","TRUE","TRUE","","1","Oakley Casual Metal","FALSE","Oakley Casual Metal | Deroche Mantos","Compre Oakley Casual Metal na Deroche Mantos. Qualidade garantida, pronta entrega. Pix com desconto e parcelamento em até 12x.","Vestuário e acessórios > Acessórios de vestuário > Óculos de sol","active"
"oakley-chaminade","Oakley Chaminade","<h2>Oakley Chaminade</h2>
<p>Oakley Chaminade com proteção UV400, lentes de alta definição e armação resistente para uso esportivo ou casual.</p>
<h3>Diferenciais</h3>
<ul>
<li>Proteção UV400</li>
<li>Lentes de alta definição</li>
<li>Armação resistente</li>
<li>Design esportivo</li>
</ul>","Oakley","Vestuário e acessórios > Acessórios de vestuário > Óculos de sol","Óculos","Óculos, Masculino","TRUE","Title","Default Title","","","28282821122233","150","shopify","5","deny","manual","139.90","","TRUE","TRUE","","1","Oakley Chaminade","FALSE","Oakley Chaminade | Deroche Mantos","Compre Oakley Chaminade na Deroche Mantos. Qualidade garantida, pronta entrega. Pix com desconto e parcelamento em até 12x.","Vestuário e acessórios > Acessórios de vestuário > Óculos de sol","active"
"oakley-eye-jacket","Oakley Eye Jacket","<h2>Oakley Eye Jacket</h2>
<p>Oakley Eye Jacket com proteção UV400, lentes de alta definição e armação resistente para uso esportivo ou casual.</p>
<h3>Diferenciais</h3>
<ul>
<li>Proteção UV400</li>
<li>Lentes de alta definição</li>
<li>Armação resistente</li>
<li>Design esportivo</li>
</ul>","Oakley","Vestuário e acessórios > Acessórios de vestuário > Óculos de sol","Óculos","Óculos, Masculino","TRUE","Title","Default Title","","","1838282281","150","shopify","7","deny","manual","149.90","","TRUE","TRUE","","1","Oakley Eye Jacket","FALSE","Oakley Eye Jacket | Deroche Mantos","Compre Oakley Eye Jacket na Deroche Mantos. Qualidade garantida, pronta entrega. Pix com desconto e parcelamento em até 12x.","Vestuário e acessórios > Acessórios de vestuário > Óculos de sol","active"
"oakley-flak","Oakley Flak","<h2>Oakley Flak</h2>
<p>Oakley Flak com proteção UV400, lentes de alta definição e armação resistente para uso esportivo ou casual.</p>
<h3>Diferenciais</h3>
<ul>
<li>Proteção UV400</li>
<li>Lentes de alta definição</li>
<li>Armação resistente</li>
<li>Design esportivo</li>
</ul>","Oakley","Vestuário e acessórios > Acessórios de vestuário > Óculos de sol","Óculos","Óculos, Masculino","TRUE","Title","Default Title","","","135522","150","shopify","5","deny","manual","99.90","","TRUE","TRUE","","1","Oakley Flak","FALSE","Oakley Flak | Deroche Mantos","Compre Oakley Flak na Deroche Mantos. Qualidade garantida, pronta entrega. Pix com desconto e parcelamento em até 12x.","Vestuário e acessórios > Acessórios de vestuário > Óculos de sol","active"
"oakley-gascan","Oakley Gascan","<h2>Oakley Gascan</h2>
<p>Oakley Gascan com proteção UV400, lentes de alta definição e armação resistente para uso esportivo ou casual.</p>
<h3>Diferenciais</h3>
<ul>
<li>Proteção UV400</li>
<li>Lentes de alta definição</li>
<li>Armação resistente</li>
<li>Design esportivo</li>
</ul>","Oakley","Vestuário e acessórios > Acessórios de vestuário > Óculos de sol","Óculos","Óculos, Masculino","TRUE","Title","Default Title","","","19282828281","150","shopify","5","deny","manual","119.90","","TRUE","TRUE","","1","Oakley Gascan","FALSE","Oakley Gascan | Deroche Mantos","Compre Oakley Gascan na Deroche Mantos. Qualidade garantida, pronta entrega. Pix com desconto e parcelamento em até 12x.","Vestuário e acessórios > Acessórios de vestuário > Óculos de sol","active"
"oakley-guadalupe","Oakley Guadalupe","<h2>Oakley Guadalupe</h2>
<p>Oakley Guadalupe com proteção UV400, lentes de alta definição e armação resistente para uso esportivo ou casual.</p>
<h3>Diferenciais</h3>
<ul>
<li>Proteção UV400</li>
<li>Lentes de alta definição</li>
<li>Armação resistente</li>
<li>Design esportivo</li>
</ul>","Oakley","Vestuário e acessórios > Acessórios de vestuário > Óculos de sol","Óculos","Óculos, Masculino","TRUE","Title","Default Title","","","182811818","150","shopify","4","deny","manual","129.90","","TRUE","TRUE","","1","Oakley Guadalupe","FALSE","Oakley Guadalupe | Deroche Mantos","Compre Oakley Guadalupe na Deroche Mantos. Qualidade garantida, pronta entrega. Pix com desconto e parcelamento em até 12x.","Vestuário e acessórios > Acessórios de vestuário > Óculos de sol","active"
"oakley-mars-robotnik","Oakley Mars Robotnik","<h2>Oakley Mars Robotnik</h2>
<p>Oakley Mars Robotnik com proteção UV400, lentes de alta definição e armação resistente para uso esportivo ou casual.</p>
<h3>Diferenciais</h3>
<ul>
<li>Proteção UV400</li>
<li>Lentes de alta definição</li>
<li>Armação resistente</li>
<li>Design esportivo</li>
</ul>","Oakley","Vestuário e acessórios > Acessórios de vestuário > Óculos de sol","Óculos","Óculos, Masculino","TRUE","Title","Default Title","","","191919485371712","150","shopify","5","deny","manual","149.90","","TRUE","TRUE","","1","Oakley Mars Robotnik","FALSE","Oakley Mars Robotnik | Deroche Mantos","Compre Oakley Mars Robotnik na Deroche Mantos. Qualidade garantida, pronta entrega. Pix com desconto e parcelamento em até 12x.","Vestuário e acessórios > Acessórios de vestuário > Óculos de sol","active"
"oakley-monster-dog","Oakley Monster Dog","<h2>Oakley Monster Dog</h2>
<p>Oakley Monster Dog com proteção UV400, lentes de alta definição e armação resistente para uso esportivo ou casual.</p>
<h3>Diferenciais</h3>
<ul>
<li>Proteção UV400</li>
<li>Lentes de alta definição</li>
<li>Armação resistente</li>
<li>Design esportivo</li>
</ul>","Oakley","Vestuário e acessórios > Acessórios de vestuário > Óculos de sol","Óculos","Óculos, Masculino","TRUE","Title","Default Title","","","1939228","150","shopify","7","deny","manual","139.90","","TRUE","TRUE","","1","Oakley Monster Dog","FALSE","Oakley Monster Dog | Deroche Mantos","Compre Oakley Monster Dog na Deroche Mantos. Qualidade garantida, pronta entrega. Pix com desconto e parcelamento em até 12x.","Vestuário e acessórios > Acessórios de vestuário > Óculos de sol","active"
"oakley-ott","Oakley Ott","<h2>Oakley Ott</h2>
<p>Oakley Ott com proteção UV400, lentes de alta definição e armação resistente para uso esportivo ou casual.</p>
<h3>Diferenciais</h3>
<ul>
<li>Proteção UV400</li>
<li>Lentes de alta definição</li>
<li>Armação resistente</li>
<li>Design esportivo</li>
</ul>","Oakley","Vestuário e acessórios > Acessórios de vestuário > Óculos de sol","Óculos","Óculos, Masculino","TRUE","Title","Default Title","","","282828181","150","shopify","1","deny","manual","249.90","","TRUE","TRUE","","1","Oakley Ott","FALSE","Oakley Ott | Deroche Mantos","Compre Oakley Ott na Deroche Mantos. Qualidade garantida, pronta entrega. Pix com desconto e parcelamento em até 12x.","Vestuário e acessórios > Acessórios de vestuário > Óculos de sol","active"
"oakley-penny","Oakley Penny","<h2>Oakley Penny</h2>
<p>Oakley Penny com proteção UV400, lentes de alta definição e armação resistente para uso esportivo ou casual.</p>
<h3>Diferenciais</h3>
<ul>
<li>Proteção UV400</li>
<li>Lentes de alta definição</li>
<li>Armação resistente</li>
<li>Design esportivo</li>
</ul>","Oakley","Vestuário e acessórios > Acessórios de vestuário > Óculos de sol","Óculos","Óculos, Masculino","TRUE","Title","Default Title","","","2827","150","shopify","7","deny","manual","119.90","","TRUE","TRUE","","1","Oakley Penny","FALSE","Oakley Penny | Deroche Mantos","Compre Oakley Penny na Deroche Mantos. Qualidade garantida, pronta entrega. Pix com desconto e parcelamento em até 12x.","Vestuário e acessórios > Acessórios de vestuário > Óculos de sol","active"
"oakley-pit-boss-ii","Oakley Pit Boss II","<h2>Oakley Pit Boss II</h2>
<p>Oakley Pit Boss II com proteção UV400, lentes de alta definição e armação resistente para uso esportivo ou casual.</p>
<h3>Diferenciais</h3>
<ul>
<li>Proteção UV400</li>
<li>Lentes de alta definição</li>
<li>Armação resistente</li>
<li>Design esportivo</li>
</ul>","Oakley","Vestuário e acessórios > Acessórios de vestuário > Óculos de sol","Óculos","Óculos, Masculino","TRUE","Title","Default Title","","","18281818181","150","shopify","2","deny","manual","139.90","","TRUE","TRUE","","1","Oakley Pit Boss II","FALSE","Oakley Pit Boss II | Deroche Mantos","Compre Oakley Pit Boss II na Deroche Mantos. Qualidade garantida, pronta entrega. Pix com desconto e parcelamento em até 12x.","Vestuário e acessórios > Acessórios de vestuário > Óculos de sol","active"
"oakley-plantaris","Oakley Plantaris","<h2>Oakley Plantaris</h2>
<p>Oakley Plantaris com proteção UV400, lentes de alta definição e armação resistente para uso esportivo ou casual.</p>
<h3>Diferenciais</h3>
<ul>
<li>Proteção UV400</li>
<li>Lentes de alta definição</li>
<li>Armação resistente</li>
<li>Design esportivo</li>
</ul>","Oakley","Vestuário e acessórios > Acessórios de vestuário > Óculos de sol","Óculos","Óculos, Masculino","TRUE","Title","Default Title","","","292828","150","shopify","13","deny","manual","129.90","","TRUE","TRUE","","1","Oakley Plantaris","FALSE","Oakley Plantaris | Deroche Mantos","Compre Oakley Plantaris na Deroche Mantos. Qualidade garantida, pronta entrega. Pix com desconto e parcelamento em até 12x.","Vestuário e acessórios > Acessórios de vestuário > Óculos de sol","active"
"oakley-plantaris-sq","Oakley Plantaris SQ","<h2>Oakley Plantaris SQ</h2>
<p>Oakley Plantaris SQ com proteção UV400, lentes de alta definição e armação resistente para uso esportivo ou casual.</p>
<h3>Diferenciais</h3>
<ul>
<li>Proteção UV400</li>
<li>Lentes de alta definição</li>
<li>Armação resistente</li>
<li>Design esportivo</li>
</ul>","Oakley","Vestuário e acessórios > Acessórios de vestuário > Óculos de sol","Óculos","Óculos, Masculino","TRUE","Title","Default Title","","","192929282","150","shopify","5","deny","manual","149.90","","TRUE","TRUE","","1","Oakley Plantaris SQ","FALSE","Oakley Plantaris SQ | Deroche Mantos","Compre Oakley Plantaris SQ na Deroche Mantos. Qualidade garantida, pronta entrega. Pix com desconto e parcelamento em até 12x.","Vestuário e acessórios > Acessórios de vestuário > Óculos de sol","active"
"oakley-plate","Oakley Plate","<h2>Oakley Plate</h2>
<p>Oakley Plate com proteção UV400, lentes de alta definição e armação resistente para uso esportivo ou casual.</p>
<h3>Diferenciais</h3>
<ul>
<li>Proteção UV400</li>
<li>Lentes de alta definição</li>
<li>Armação resistente</li>
<li>Design esportivo</li>
</ul>","Oakley","Vestuário e acessórios > Acessórios de vestuário > Óculos de sol","Óculos","Óculos, Masculino","TRUE","Title","Default Title","","","2929191918","150","shopify","5","deny","manual","149.90","","TRUE","TRUE","","1","Oakley Plate","FALSE","Oakley Plate | Deroche Mantos","Compre Oakley Plate na Deroche Mantos. Qualidade garantida, pronta entrega. Pix com desconto e parcelamento em até 12x.","Vestuário e acessórios > Acessórios de vestuário > Óculos de sol","active"
"oakley-radar","Oakley Radar","<h2>Oakley Radar</h2>
<p>Oakley Radar com proteção UV400, lentes de alta definição e armação resistente para uso esportivo ou casual.</p>
<h3>Diferenciais</h3>
<ul>
<li>Proteção UV400</li>
<li>Lentes de alta definição</li>
<li>Armação resistente</li>
<li>Design esportivo</li>
</ul>","Oakley","Vestuário e acessórios > Acessórios de vestuário > Óculos de sol","Óculos","Óculos, Masculino","TRUE","Title","Default Title","","","8181","150","shopify","23","deny","manual","149.90","","TRUE","TRUE","","1","Oakley Radar","FALSE","Oakley Radar | Deroche Mantos","Compre Oakley Radar na Deroche Mantos. Qualidade garantida, pronta entrega. Pix com desconto e parcelamento em até 12x.","Vestuário e acessórios > Acessórios de vestuário > Óculos de sol","active"
"oakley-radar-kit-5-lentes-extra","Oakley Radar Kit 5 Lentes Extra","<h2>Oakley Radar Kit 5 Lentes Extra</h2>
<p>Oakley Radar Kit 5 Lentes Extra com proteção UV400, lentes de alta definição e armação resistente para uso esportivo ou casual.</p>
<h3>Diferenciais</h3>
<ul>
<li>Proteção UV400</li>
<li>Lentes de alta definição</li>
<li>Armação resistente</li>
<li>Design esportivo</li>
</ul>","Oakley","Vestuário e acessórios > Acessórios de vestuário > Óculos de sol","Óculos","Óculos, Masculino","TRUE","Title","Default Title","","","1838182","150","shopify","1","deny","manual","249.90","","TRUE","TRUE","","1","Oakley Radar Kit 5 Lentes Extra","FALSE","Oakley Radar Kit 5 Lentes Extra | Deroche Mantos","Compre Oakley Radar Kit 5 Lentes Extra na Deroche Mantos. Qualidade garantida, pronta entrega. Pix com desconto e parcelamento em até 12x.","Vestuário e acessórios > Acessórios de vestuário > Óculos de sol","active"
"oakley-radar-lock","Oakley Radar Lock","<h2>Oakley Radar Lock</h2>
<p>Oakley Radar Lock com proteção UV400, lentes de alta definição e armação resistente para uso esportivo ou casual.</p>
<h3>Diferenciais</h3>
<ul>
<li>Proteção UV400</li>
<li>Lentes de alta definição</li>
<li>Armação resistente</li>
<li>Design esportivo</li>
</ul>","Oakley","Vestuário e acessórios > Acessórios de vestuário > Óculos de sol","Óculos","Óculos, Masculino","TRUE","Title","Default Title","","","182828282","150","shopify","8","deny","manual","149.90","","TRUE","TRUE","","1","Oakley Radar Lock","FALSE","Oakley Radar Lock | Deroche Mantos","Compre Oakley Radar Lock na Deroche Mantos. Qualidade garantida, pronta entrega. Pix com desconto e parcelamento em até 12x.","Vestuário e acessórios > Acessórios de vestuário > Óculos de sol","active"
"oakley-radar-plate","Oakley Radar Plate","<h2>Oakley Radar Plate</h2>
<p>Oakley Radar Plate com proteção UV400, lentes de alta definição e armação resistente para uso esportivo ou casual.</p>
<h3>Diferenciais</h3>
<ul>
<li>Proteção UV400</li>
<li>Lentes de alta definição</li>
<li>Armação resistente</li>
<li>Design esportivo</li>
</ul>","Oakley","Vestuário e acessórios > Acessórios de vestuário > Óculos de sol","Óculos","Óculos, Masculino","TRUE","Title","Default Title","","","28281939292911","150","shopify","10","deny","manual","149.90","","TRUE","TRUE","","1","Oakley Radar Plate","FALSE","Oakley Radar Plate | Deroche Mantos","Compre Oakley Radar Plate na Deroche Mantos. Qualidade garantida, pronta entrega. Pix com desconto e parcelamento em até 12x.","Vestuário e acessórios > Acessórios de vestuário > Óculos de sol","active"
"oakley-sem-grau","Oakley Sem Grau","<h2>Oakley Sem Grau</h2>
<p>Oakley Sem Grau com proteção UV400, lentes de alta definição e armação resistente para uso esportivo ou casual.</p>
<h3>Diferenciais</h3>
<ul>
<li>Proteção UV400</li>
<li>Lentes de alta definição</li>
<li>Armação resistente</li>
<li>Design esportivo</li>
</ul>","Oakley","Vestuário e acessórios > Acessórios de vestuário > Óculos de sol","Óculos","Óculos, Masculino","TRUE","Title","Default Title","","","18281828228","150","shopify","3","deny","manual","139.48","","TRUE","TRUE","","1","Oakley Sem Grau","FALSE","Oakley Sem Grau | Deroche Mantos","Compre Oakley Sem Grau na Deroche Mantos. Qualidade garantida, pronta entrega. Pix com desconto e parcelamento em até 12x.","Vestuário e acessórios > Acessórios de vestuário > Óculos de sol","active"
"oakley-splice","Oakley Splice","<h2>Oakley Splice</h2>
<p>Oakley Splice com proteção UV400, lentes de alta definição e armação resistente para uso esportivo ou casual.</p>
<h3>Diferenciais</h3>
<ul>
<li>Proteção UV400</li>
<li>Lentes de alta definição</li>
<li>Armação resistente</li>
<li>Design esportivo</li>
</ul>","Oakley","Vestuário e acessórios > Acessórios de vestuário > Óculos de sol","Óculos","Óculos, Masculino","TRUE","Title","Default Title","","","282828282829","150","shopify","4","deny","manual","149.90","","TRUE","TRUE","","1","Oakley Splice","FALSE","Oakley Splice | Deroche Mantos","Compre Oakley Splice na Deroche Mantos. Qualidade garantida, pronta entrega. Pix com desconto e parcelamento em até 12x.","Vestuário e acessórios > Acessórios de vestuário > Óculos de sol","active"
"oakley-thump","Oakley Thump","<h2>Oakley Thump</h2>
<p>Oakley Thump com proteção UV400, lentes de alta definição e armação resistente para uso esportivo ou casual.</p>
<h3>Diferenciais</h3>
<ul>
<li>Proteção UV400</li>
<li>Lentes de alta definição</li>
<li>Armação resistente</li>
<li>Design esportivo</li>
</ul>","Oakley","Vestuário e acessórios > Acessórios de vestuário > Óculos de sol","Óculos","Óculos, Masculino","TRUE","Title","Default Title","","","1828282822","150","shopify","4","deny","manual","249.90","","TRUE","TRUE","","1","Oakley Thump","FALSE","Oakley Thump | Deroche Mantos","Compre Oakley Thump na Deroche Mantos. Qualidade garantida, pronta entrega. Pix com desconto e parcelamento em até 12x.","Vestuário e acessórios > Acessórios de vestuário > Óculos de sol","active"
"palmeiras-branca-2025","Palmeiras Branca 2025","<h2>Palmeiras Branca 2025</h2>
<p>Camisa inspirada no uniforme do Palmeiras temporada 2025. Confeccionada em tecido Dry Fit Premium, com excelente acabamento. Ideal para torcedores e colecionadores.</p>
<h3>Diferenciais</h3>
<ul>
<li>Tecido Dry Fit Premium</li>
<li>Costura reforçada</li>
<li>Escudo bordado</li>
<li>Alta respirabilidade</li>
<li>Excelente acabamento</li>
</ul>","Deroche","Vestuário e acessórios > Roupas > Camisas e blusas","Camisas Futebol","Palmeiras, Camisa Palmeiras, 2025, Camisas Futebol, Branca, Masculino, Futebol, Brasileirão","TRUE","Tamanho","G","","","282828383-G","200","shopify","1","deny","manual","149.90","","TRUE","TRUE","","1","Palmeiras Branca 2025","FALSE","Palmeiras Branca 2025 | Deroche Mantos","Compre Palmeiras Branca 2025 na Deroche Mantos. Tecido premium, pronta entrega. Pix com desconto e parcelamento em até 12x.","Vestuário e acessórios > Roupas > Camisas e blusas","active"
"palmeiras-branca-2025","","","","","","","","Tamanho","XGG","","","282828383-XGG","200","shopify","1","deny","manual","149.90","","TRUE","TRUE","","","","","","","",""
"palmeiras-branca-2025","","","","","","","","Tamanho","4XGG","","","282828383-4XGG","200","shopify","1","deny","manual","149.90","","TRUE","TRUE","","","","","","","",""
"palmeiras-kidsuper-2025","Palmeiras Kidsuper 2025","<h2>Palmeiras Kidsuper 2025</h2>
<p>Camisa inspirada no uniforme do Palmeiras temporada 2025. Confeccionada em tecido Dry Fit Premium, com excelente acabamento. Ideal para torcedores e colecionadores.</p>
<h3>Diferenciais</h3>
<ul>
<li>Tecido Dry Fit Premium</li>
<li>Costura reforçada</li>
<li>Escudo bordado</li>
<li>Alta respirabilidade</li>
<li>Excelente acabamento</li>
</ul>","Deroche","Vestuário e acessórios > Roupas > Camisas e blusas","Camisas Futebol","Palmeiras, Camisa Palmeiras, 2025, Camisas Futebol, Masculino, Futebol, Brasileirão","TRUE","Tamanho","4XGG","","","182818181282821818-4XGG","200","shopify","1","deny","manual","139.90","","TRUE","TRUE","","1","Palmeiras Kidsuper 2025","FALSE","Palmeiras Kidsuper 2025 | Deroche Mantos","Compre Palmeiras Kidsuper 2025 na Deroche Mantos. Tecido premium, pronta entrega. Pix com desconto e parcelamento em até 12x.","Vestuário e acessórios > Roupas > Camisas e blusas","active"
"palmeiras-retro-1994","Palmeiras Retrô 1994","<h2>Palmeiras Retrô 1994</h2>
<p>Camisa inspirada no uniforme do Palmeiras temporada 1994. Confeccionada em tecido Dry Fit Premium, com excelente acabamento. Ideal para torcedores e colecionadores.</p>
<h3>Diferenciais</h3>
<ul>
<li>Tecido Dry Fit Premium</li>
<li>Costura reforçada</li>
<li>Escudo bordado</li>
<li>Alta respirabilidade</li>
<li>Excelente acabamento</li>
</ul>","Deroche","Vestuário e acessórios > Roupas > Camisas e blusas","Camisas Futebol","Palmeiras, Camisa Palmeiras, 1994, Camisas Futebol, Masculino, Futebol, Brasileirão","TRUE","Tamanho","G","","","18283828282-G","200","shopify","2","deny","manual","199.90","","TRUE","TRUE","","1","Palmeiras Retrô 1994","FALSE","Palmeiras Retrô 1994 | Deroche Mantos","Compre Palmeiras Retrô 1994 na Deroche Mantos. Tecido premium, pronta entrega. Pix com desconto e parcelamento em até 12x.","Vestuário e acessórios > Roupas > Camisas e blusas","active"
"palmeiras-verde-2025","Palmeiras Verde 2025","<h2>Palmeiras Verde 2025</h2>
<p>Camisa inspirada no uniforme do Palmeiras temporada 2025. Confeccionada em tecido Dry Fit Premium, com excelente acabamento. Ideal para torcedores e colecionadores.</p>
<h3>Diferenciais</h3>
<ul>
<li>Tecido Dry Fit Premium</li>
<li>Costura reforçada</li>
<li>Escudo bordado</li>
<li>Alta respirabilidade</li>
<li>Excelente acabamento</li>
</ul>","Deroche","Vestuário e acessórios > Roupas > Camisas e blusas","Camisas Futebol","Palmeiras, Camisa Palmeiras, 2025, Camisas Futebol, Verde, Masculino, Futebol, Brasileirão","TRUE","Tamanho","GG","","","19292928228181-GG","200","shopify","2","deny","manual","149.90","","TRUE","TRUE","","1","Palmeiras Verde 2025","FALSE","Palmeiras Verde 2025 | Deroche Mantos","Compre Palmeiras Verde 2025 na Deroche Mantos. Tecido premium, pronta entrega. Pix com desconto e parcelamento em até 12x.","Vestuário e acessórios > Roupas > Camisas e blusas","active"
"palmeiras-verde-2025","","","","","","","","Tamanho","XGG","","","19292928228181-XGG","200","shopify","3","deny","manual","149.90","","TRUE","TRUE","","","","","","","",""
"palmeiras-verde-2025","","","","","","","","Tamanho","4XGG","","","19292928228181-4XGG","200","shopify","1","deny","manual","149.90","","TRUE","TRUE","","","","","","","",""
"palmeiras-verde-2026","Palmeiras Verde 2026","<h2>Palmeiras Verde 2026</h2>
<p>Camisa inspirada no uniforme do Palmeiras temporada 2026. Confeccionada em tecido Dry Fit Premium, com excelente acabamento. Ideal para torcedores e colecionadores.</p>
<h3>Diferenciais</h3>
<ul>
<li>Tecido Dry Fit Premium</li>
<li>Costura reforçada</li>
<li>Escudo bordado</li>
<li>Alta respirabilidade</li>
<li>Excelente acabamento</li>
</ul>","Deroche","Vestuário e acessórios > Roupas > Camisas e blusas","Camisas Futebol","Palmeiras, Camisa Palmeiras, 2026, Camisas Futebol, Verde, Masculino, Futebol, Brasileirão","TRUE","Tamanho","P","","","18382828282-P","200","shopify","7","deny","manual","160.00","","TRUE","TRUE","","1","Palmeiras Verde 2026","FALSE","Palmeiras Verde 2026 | Deroche Mantos","Compre Palmeiras Verde 2026 na Deroche Mantos. Tecido premium, pronta entrega. Pix com desconto e parcelamento em até 12x.","Vestuário e acessórios > Roupas > Camisas e blusas","active"
"palmeiras-verde-2026","","","","","","","","Tamanho","M","","","18382828282-M","200","shopify","4","deny","manual","160.00","","TRUE","TRUE","","","","","","","",""
"palmeiras-verde-2026","","","","","","","","Tamanho","G","","","18382828282-G","200","shopify","9","deny","manual","160.00","","TRUE","TRUE","","","","","","","",""
"palmeiras-verde-2026","","","","","","","","Tamanho","GG","","","18382828282-GG","200","shopify","4","deny","manual","160.00","","TRUE","TRUE","","","","","","","",""
"paris-saint-germain-azul-2025","Paris Saint Germain Azul 2025","<h2>Paris Saint Germain Azul 2025</h2>
<p>Camisa inspirada no uniforme do Paris Saint Germain temporada 2025. Confeccionada em tecido Dry Fit Premium, com excelente acabamento. Ideal para torcedores e colecionadores.</p>
<h3>Diferenciais</h3>
<ul>
<li>Tecido Dry Fit Premium</li>
<li>Costura reforçada</li>
<li>Escudo bordado</li>
<li>Alta respirabilidade</li>
<li>Excelente acabamento</li>
</ul>","Deroche","Vestuário e acessórios > Roupas > Camisas e blusas","Camisas Futebol","Paris Saint Germain, Camisa Paris Saint Germain, 2025, Camisas Futebol, Azul, Masculino, Futebol, Brasileirão","TRUE","Tamanho","G","","","29392929238-G","200","shopify","2","deny","manual","149.90","","TRUE","TRUE","","1","Paris Saint Germain Azul 2025","FALSE","Paris Saint Germain Azul 2025 | Deroche Mantos","Compre Paris Saint Germain Azul 2025 na Deroche Mantos. Tecido premium, pronta entrega. Pix com desconto e parcelamento em até 12x.","Vestuário e acessórios > Roupas > Camisas e blusas","active"
"paris-saint-germain-azul-2025","","","","","","","","Tamanho","GG","","","29392929238-GG","200","shopify","1","deny","manual","149.90","","TRUE","TRUE","","","","","","","",""
"perfuma-khamrah-lattafa","Perfuma Khamrah Lattafa","<h2>Perfuma Khamrah Lattafa</h2>
<p>Perfuma Khamrah Lattafa — fragrância importada de alta fixação, ideal para uso diário ou ocasiões especiais.</p>
<h3>Diferenciais</h3>
<ul>
<li>Fragrância importada</li>
<li>Alta fixação</li>
<li>Frasco original</li>
<li>Ideal para presentear</li>
</ul>","Lattafa","Beleza e cuidados pessoais > Perfumes e cosméticos > Perfume","Perfumes","Perfumes, Masculino, Perfume Importado","TRUE","Title","Default Title","","","2838182821818281","400","shopify","4","deny","manual","299.90","","TRUE","TRUE","","1","Perfuma Khamrah Lattafa","FALSE","Perfuma Khamrah Lattafa | Deroche Mantos","Compre Perfuma Khamrah Lattafa na Deroche Mantos. Qualidade garantida, pronta entrega. Pix com desconto e parcelamento em até 12x.","Beleza e cuidados pessoais > Perfumes e cosméticos > Perfume","active"
"perfume-9-am-dive","Perfume 9 AM Dive","<h2>Perfume 9 AM Dive</h2>
<p>Perfume 9 AM Dive — fragrância importada de alta fixação, ideal para uso diário ou ocasiões especiais.</p>
<h3>Diferenciais</h3>
<ul>
<li>Fragrância importada</li>
<li>Alta fixação</li>
<li>Frasco original</li>
<li>Ideal para presentear</li>
</ul>","Deroche Perfumes","Beleza e cuidados pessoais > Perfumes e cosméticos > Perfume","Perfumes","Perfumes, Masculino, Perfume Importado","TRUE","Title","Default Title","","","18281828182","400","shopify","3","deny","manual","299.90","","TRUE","TRUE","","1","Perfume 9 AM Dive","FALSE","Perfume 9 AM Dive | Deroche Mantos","Compre Perfume 9 AM Dive na Deroche Mantos. Qualidade garantida, pronta entrega. Pix com desconto e parcelamento em até 12x.","Beleza e cuidados pessoais > Perfumes e cosméticos > Perfume","active"
"perfume-9-pm","Perfume 9 PM","<h2>Perfume 9 PM</h2>
<p>Perfume 9 PM — fragrância importada de alta fixação, ideal para uso diário ou ocasiões especiais.</p>
<h3>Diferenciais</h3>
<ul>
<li>Fragrância importada</li>
<li>Alta fixação</li>
<li>Frasco original</li>
<li>Ideal para presentear</li>
</ul>","Deroche Perfumes","Beleza e cuidados pessoais > Perfumes e cosméticos > Perfume","Perfumes","Perfumes, Masculino, Perfume Importado","TRUE","Title","Default Title","","","28281919191","400","shopify","3","deny","manual","299.90","","TRUE","TRUE","","1","Perfume 9 PM","FALSE","Perfume 9 PM | Deroche Mantos","Compre Perfume 9 PM na Deroche Mantos. Qualidade garantida, pronta entrega. Pix com desconto e parcelamento em até 12x.","Beleza e cuidados pessoais > Perfumes e cosméticos > Perfume","active"
"perfume-al-noble-safeer-lattafa","Perfume Al Noble Safeer Lattafa","<h2>Perfume Al Noble Safeer Lattafa</h2>
<p>Perfume Al Noble Safeer Lattafa — fragrância importada de alta fixação, ideal para uso diário ou ocasiões especiais.</p>
<h3>Diferenciais</h3>
<ul>
<li>Fragrância importada</li>
<li>Alta fixação</li>
<li>Frasco original</li>
<li>Ideal para presentear</li>
</ul>","Lattafa","Beleza e cuidados pessoais > Perfumes e cosméticos > Perfume","Perfumes","Perfumes, Masculino, Perfume Importado","TRUE","Title","Default Title","","","1828281811111","400","shopify","3","deny","manual","299.90","","TRUE","TRUE","","1","Perfume Al Noble Safeer Lattafa","FALSE","Perfume Al Noble Safeer Lattafa | Deroche Mantos","Compre Perfume Al Noble Safeer Lattafa na Deroche Mantos. Qualidade garantida, pronta entrega. Pix com desconto e parcelamento em até 12x.","Beleza e cuidados pessoais > Perfumes e cosméticos > Perfume","active"
"perfume-amostra-15ml","Perfume Amostra 15ml","<h2>Perfume Amostra 15ml</h2>
<p>Perfume Amostra 15ml — fragrância importada de alta fixação, ideal para uso diário ou ocasiões especiais.</p>
<h3>Diferenciais</h3>
<ul>
<li>Fragrância importada</li>
<li>Alta fixação</li>
<li>Frasco original</li>
<li>Ideal para presentear</li>
</ul>","Deroche Perfumes","Beleza e cuidados pessoais > Perfumes e cosméticos > Perfume","Perfumes","Perfumes, Masculino, Perfume Importado","TRUE","Title","Default Title","","","182818382","400","shopify","2","deny","manual","50.00","","TRUE","TRUE","","1","Perfume Amostra 15ml","FALSE","Perfume Amostra 15ml | Deroche Mantos","Compre Perfume Amostra 15ml na Deroche Mantos. Qualidade garantida, pronta entrega. Pix com desconto e parcelamento em até 12x.","Beleza e cuidados pessoais > Perfumes e cosméticos > Perfume","active"
"perfume-angel-mugler","Perfume Angel Mugler","<h2>Perfume Angel Mugler</h2>
<p>Perfume Angel Mugler — fragrância importada de alta fixação, ideal para uso diário ou ocasiões especiais.</p>
<h3>Diferenciais</h3>
<ul>
<li>Fragrância importada</li>
<li>Alta fixação</li>
<li>Frasco original</li>
<li>Ideal para presentear</li>
</ul>","Mugler","Beleza e cuidados pessoais > Perfumes e cosméticos > Perfume","Perfumes","Perfumes, Masculino, Perfume Importado","TRUE","Title","Default Title","","","1828282722","400","shopify","3","deny","manual","249.90","","TRUE","TRUE","","1","Perfume Angel Mugler","FALSE","Perfume Angel Mugler | Deroche Mantos","Compre Perfume Angel Mugler na Deroche Mantos. Qualidade garantida, pronta entrega. Pix com desconto e parcelamento em até 12x.","Beleza e cuidados pessoais > Perfumes e cosméticos > Perfume","active"
"perfume-asad-bourbon","Perfume Asad Bourbon","<h2>Perfume Asad Bourbon</h2>
<p>Perfume Asad Bourbon — fragrância importada de alta fixação, ideal para uso diário ou ocasiões especiais.</p>
<h3>Diferenciais</h3>
<ul>
<li>Fragrância importada</li>
<li>Alta fixação</li>
<li>Frasco original</li>
<li>Ideal para presentear</li>
</ul>","Deroche Perfumes","Beleza e cuidados pessoais > Perfumes e cosméticos > Perfume","Perfumes","Perfumes, Masculino, Perfume Importado","TRUE","Title","Default Title","","","1828282818111111","400","shopify","4","deny","manual","329.00","","TRUE","TRUE","","1","Perfume Asad Bourbon","FALSE","Perfume Asad Bourbon | Deroche Mantos","Compre Perfume Asad Bourbon na Deroche Mantos. Qualidade garantida, pronta entrega. Pix com desconto e parcelamento em até 12x.","Beleza e cuidados pessoais > Perfumes e cosméticos > Perfume","active"
"perfume-asad-elixir","Perfume Asad Elixir","<h2>Perfume Asad Elixir</h2>
<p>Perfume Asad Elixir — fragrância importada de alta fixação, ideal para uso diário ou ocasiões especiais.</p>
<h3>Diferenciais</h3>
<ul>
<li>Fragrância importada</li>
<li>Alta fixação</li>
<li>Frasco original</li>
<li>Ideal para presentear</li>
</ul>","Deroche Perfumes","Beleza e cuidados pessoais > Perfumes e cosméticos > Perfume","Perfumes","Perfumes, Masculino, Perfume Importado","TRUE","Title","Default Title","","","282818181194627","400","shopify","6","deny","manual","349.90","","TRUE","TRUE","","1","Perfume Asad Elixir","FALSE","Perfume Asad Elixir | Deroche Mantos","Compre Perfume Asad Elixir na Deroche Mantos. Qualidade garantida, pronta entrega. Pix com desconto e parcelamento em até 12x.","Beleza e cuidados pessoais > Perfumes e cosméticos > Perfume","active"
"perfume-asad-latattafa","Perfume Asad Latattafa","<h2>Perfume Asad Latattafa</h2>
<p>Perfume Asad Latattafa — fragrância importada de alta fixação, ideal para uso diário ou ocasiões especiais.</p>
<h3>Diferenciais</h3>
<ul>
<li>Fragrância importada</li>
<li>Alta fixação</li>
<li>Frasco original</li>
<li>Ideal para presentear</li>
</ul>","Deroche Perfumes","Beleza e cuidados pessoais > Perfumes e cosméticos > Perfume","Perfumes","Perfumes, Masculino, Perfume Importado","TRUE","Title","Default Title","","","192919282","400","shopify","2","deny","manual","299.90","","TRUE","TRUE","","1","Perfume Asad Latattafa","FALSE","Perfume Asad Latattafa | Deroche Mantos","Compre Perfume Asad Latattafa na Deroche Mantos. Qualidade garantida, pronta entrega. Pix com desconto e parcelamento em até 12x.","Beleza e cuidados pessoais > Perfumes e cosméticos > Perfume","active"
"perfume-asad-yara-amarelo","Perfume Asad Yara Amarelo","<h2>Perfume Asad Yara Amarelo</h2>
<p>Perfume Asad Yara Amarelo — fragrância importada de alta fixação, ideal para uso diário ou ocasiões especiais.</p>
<h3>Diferenciais</h3>
<ul>
<li>Fragrância importada</li>
<li>Alta fixação</li>
<li>Frasco original</li>
<li>Ideal para presentear</li>
</ul>","Deroche Perfumes","Beleza e cuidados pessoais > Perfumes e cosméticos > Perfume","Perfumes","Perfumes, Amarelo, Masculino, Perfume Importado","TRUE","Title","Default Title","","","2838282827127111","400","shopify","5","deny","manual","299.90","","TRUE","TRUE","","1","Perfume Asad Yara Amarelo","FALSE","Perfume Asad Yara Amarelo | Deroche Mantos","Compre Perfume Asad Yara Amarelo na Deroche Mantos. Qualidade garantida, pronta entrega. Pix com desconto e parcelamento em até 12x.","Beleza e cuidados pessoais > Perfumes e cosméticos > Perfume","active"
"perfume-asad-yara-branco","Perfume Asad Yara Branco","<h2>Perfume Asad Yara Branco</h2>
<p>Perfume Asad Yara Branco — fragrância importada de alta fixação, ideal para uso diário ou ocasiões especiais.</p>
<h3>Diferenciais</h3>
<ul>
<li>Fragrância importada</li>
<li>Alta fixação</li>
<li>Frasco original</li>
<li>Ideal para presentear</li>
</ul>","Deroche Perfumes","Beleza e cuidados pessoais > Perfumes e cosméticos > Perfume","Perfumes","Perfumes, Branco, Masculino, Perfume Importado","TRUE","Title","Default Title","","","282828281818","400","shopify","3","deny","manual","299.90","","TRUE","TRUE","","1","Perfume Asad Yara Branco","FALSE","Perfume Asad Yara Branco | Deroche Mantos","Compre Perfume Asad Yara Branco na Deroche Mantos. Qualidade garantida, pronta entrega. Pix com desconto e parcelamento em até 12x.","Beleza e cuidados pessoais > Perfumes e cosméticos > Perfume","active"
"perfume-asad-yara-pink","Perfume Asad Yara Pink","<h2>Perfume Asad Yara Pink</h2>
<p>Perfume Asad Yara Pink — fragrância importada de alta fixação, ideal para uso diário ou ocasiões especiais.</p>
<h3>Diferenciais</h3>
<ul>
<li>Fragrância importada</li>
<li>Alta fixação</li>
<li>Frasco original</li>
<li>Ideal para presentear</li>
</ul>","Deroche Perfumes","Beleza e cuidados pessoais > Perfumes e cosméticos > Perfume","Perfumes","Perfumes, Masculino, Perfume Importado","TRUE","Title","Default Title","","","192911929281","400","shopify","5","deny","manual","299.90","","TRUE","TRUE","","1","Perfume Asad Yara Pink","FALSE","Perfume Asad Yara Pink | Deroche Mantos","Compre Perfume Asad Yara Pink na Deroche Mantos. Qualidade garantida, pronta entrega. Pix com desconto e parcelamento em até 12x.","Beleza e cuidados pessoais > Perfumes e cosméticos > Perfume","active"
"perfume-asad-yara-rose","Perfume Asad Yara Rosê","<h2>Perfume Asad Yara Rosê</h2>
<p>Perfume Asad Yara Rosê — fragrância importada de alta fixação, ideal para uso diário ou ocasiões especiais.</p>
<h3>Diferenciais</h3>
<ul>
<li>Fragrância importada</li>
<li>Alta fixação</li>
<li>Frasco original</li>
<li>Ideal para presentear</li>
</ul>","Deroche Perfumes","Beleza e cuidados pessoais > Perfumes e cosméticos > Perfume","Perfumes","Perfumes, Masculino, Perfume Importado","TRUE","Title","Default Title","","","2828228182","400","shopify","5","deny","manual","299.90","","TRUE","TRUE","","1","Perfume Asad Yara Rosê","FALSE","Perfume Asad Yara Rosê | Deroche Mantos","Compre Perfume Asad Yara Rosê na Deroche Mantos. Qualidade garantida, pronta entrega. Pix com desconto e parcelamento em até 12x.","Beleza e cuidados pessoais > Perfumes e cosméticos > Perfume","active"
"perfume-asad-zanzibar","Perfume Asad Zanzibar","<h2>Perfume Asad Zanzibar</h2>
<p>Perfume Asad Zanzibar — fragrância importada de alta fixação, ideal para uso diário ou ocasiões especiais.</p>
<h3>Diferenciais</h3>
<ul>
<li>Fragrância importada</li>
<li>Alta fixação</li>
<li>Frasco original</li>
<li>Ideal para presentear</li>
</ul>","Deroche Perfumes","Beleza e cuidados pessoais > Perfumes e cosméticos > Perfume","Perfumes","Perfumes, Masculino, Perfume Importado","TRUE","Title","Default Title","","","44677899","400","shopify","7","deny","manual","299.90","","TRUE","TRUE","","1","Perfume Asad Zanzibar","FALSE","Perfume Asad Zanzibar | Deroche Mantos","Compre Perfume Asad Zanzibar na Deroche Mantos. Qualidade garantida, pronta entrega. Pix com desconto e parcelamento em até 12x.","Beleza e cuidados pessoais > Perfumes e cosméticos > Perfume","active"
"perfume-attar-al-wesal","Perfume Attar Al Wesal","<h2>Perfume Attar Al Wesal</h2>
<p>Perfume Attar Al Wesal — fragrância importada de alta fixação, ideal para uso diário ou ocasiões especiais.</p>
<h3>Diferenciais</h3>
<ul>
<li>Fragrância importada</li>
<li>Alta fixação</li>
<li>Frasco original</li>
<li>Ideal para presentear</li>
</ul>","Deroche Perfumes","Beleza e cuidados pessoais > Perfumes e cosméticos > Perfume","Perfumes","Perfumes, Masculino, Perfume Importado","TRUE","Title","Default Title","","","1828281821","400","shopify","2","deny","manual","274.90","","TRUE","TRUE","","1","Perfume Attar Al Wesal","FALSE","Perfume Attar Al Wesal | Deroche Mantos","Compre Perfume Attar Al Wesal na Deroche Mantos. Qualidade garantida, pronta entrega. Pix com desconto e parcelamento em até 12x.","Beleza e cuidados pessoais > Perfumes e cosméticos > Perfume","active"
"perfume-club-de-nuit-armaf","Perfume Club de Nuit Armaf","<h2>Perfume Club de Nuit Armaf</h2>
<p>Perfume Club de Nuit Armaf — fragrância importada de alta fixação, ideal para uso diário ou ocasiões especiais.</p>
<h3>Diferenciais</h3>
<ul>
<li>Fragrância importada</li>
<li>Alta fixação</li>
<li>Frasco original</li>
<li>Ideal para presentear</li>
</ul>","Armaf","Beleza e cuidados pessoais > Perfumes e cosméticos > Perfume","Perfumes","Perfumes, Masculino, Perfume Importado","TRUE","Title","Default Title","","","19191","400","shopify","5","deny","manual","374.90","","TRUE","TRUE","","1","Perfume Club de Nuit Armaf","FALSE","Perfume Club de Nuit Armaf | Deroche Mantos","Compre Perfume Club de Nuit Armaf na Deroche Mantos. Qualidade garantida, pronta entrega. Pix com desconto e parcelamento em até 12x.","Beleza e cuidados pessoais > Perfumes e cosméticos > Perfume","active"
"perfume-club-de-nuit-maleka","Perfume Club de Nuit Maleka","<h2>Perfume Club de Nuit Maleka</h2>
<p>Perfume Club de Nuit Maleka — fragrância importada de alta fixação, ideal para uso diário ou ocasiões especiais.</p>
<h3>Diferenciais</h3>
<ul>
<li>Fragrância importada</li>
<li>Alta fixação</li>
<li>Frasco original</li>
<li>Ideal para presentear</li>
</ul>","Deroche Perfumes","Beleza e cuidados pessoais > Perfumes e cosméticos > Perfume","Perfumes","Perfumes, Masculino, Perfume Importado","TRUE","Title","Default Title","","","18283838282822","400","shopify","2","deny","manual","374.90","","TRUE","TRUE","","1","Perfume Club de Nuit Maleka","FALSE","Perfume Club de Nuit Maleka | Deroche Mantos","Compre Perfume Club de Nuit Maleka na Deroche Mantos. Qualidade garantida, pronta entrega. Pix com desconto e parcelamento em até 12x.","Beleza e cuidados pessoais > Perfumes e cosméticos > Perfume","active"
"perfume-club-de-nuit-sillage","Perfume Club de Nuit Sillage","<h2>Perfume Club de Nuit Sillage</h2>
<p>Perfume Club de Nuit Sillage — fragrância importada de alta fixação, ideal para uso diário ou ocasiões especiais.</p>
<h3>Diferenciais</h3>
<ul>
<li>Fragrância importada</li>
<li>Alta fixação</li>
<li>Frasco original</li>
<li>Ideal para presentear</li>
</ul>","Deroche Perfumes","Beleza e cuidados pessoais > Perfumes e cosméticos > Perfume","Perfumes","Perfumes, Masculino, Perfume Importado","TRUE","Title","Default Title","","","1818282821","400","shopify","2","deny","manual","374.90","","TRUE","TRUE","","1","Perfume Club de Nuit Sillage","FALSE","Perfume Club de Nuit Sillage | Deroche Mantos","Compre Perfume Club de Nuit Sillage na Deroche Mantos. Qualidade garantida, pronta entrega. Pix com desconto e parcelamento em até 12x.","Beleza e cuidados pessoais > Perfumes e cosméticos > Perfume","active"
"perfume-dai-m-al-wataniah","Perfume Dai’m Al Wataniah","<h2>Perfume Dai’m Al Wataniah</h2>
<p>Perfume Dai’m Al Wataniah — fragrância importada de alta fixação, ideal para uso diário ou ocasiões especiais.</p>
<h3>Diferenciais</h3>
<ul>
<li>Fragrância importada</li>
<li>Alta fixação</li>
<li>Frasco original</li>
<li>Ideal para presentear</li>
</ul>","Al Wataniah","Beleza e cuidados pessoais > Perfumes e cosméticos > Perfume","Perfumes","Perfumes, Masculino, Perfume Importado","TRUE","Title","Default Title","","","2929292922","400","shopify","4","deny","manual","249.90","","TRUE","TRUE","","1","Perfume Dai’m Al Wataniah","FALSE","Perfume Dai’m Al Wataniah | Deroche Mantos","Compre Perfume Dai’m Al Wataniah na Deroche Mantos. Qualidade garantida, pronta entrega. Pix com desconto e parcelamento em até 12x.","Beleza e cuidados pessoais > Perfumes e cosméticos > Perfume","active"
"perfume-durrat-al-aroos","Perfume Durrat Al Aroos","<h2>Perfume Durrat Al Aroos</h2>
<p>Perfume Durrat Al Aroos — fragrância importada de alta fixação, ideal para uso diário ou ocasiões especiais.</p>
<h3>Diferenciais</h3>
<ul>
<li>Fragrância importada</li>
<li>Alta fixação</li>
<li>Frasco original</li>
<li>Ideal para presentear</li>
</ul>","Deroche Perfumes","Beleza e cuidados pessoais > Perfumes e cosméticos > Perfume","Perfumes","Perfumes, Masculino, Perfume Importado","TRUE","Title","Default Title","","","11122333344","400","shopify","5","deny","manual","274.90","","TRUE","TRUE","","1","Perfume Durrat Al Aroos","FALSE","Perfume Durrat Al Aroos | Deroche Mantos","Compre Perfume Durrat Al Aroos na Deroche Mantos. Qualidade garantida, pronta entrega. Pix com desconto e parcelamento em até 12x.","Beleza e cuidados pessoais > Perfumes e cosméticos > Perfume","active"
"perfume-eclaire","Perfume Eclaire","<h2>Perfume Eclaire</h2>
<p>Perfume Eclaire — fragrância importada de alta fixação, ideal para uso diário ou ocasiões especiais.</p>
<h3>Diferenciais</h3>
<ul>
<li>Fragrância importada</li>
<li>Alta fixação</li>
<li>Frasco original</li>
<li>Ideal para presentear</li>
</ul>","Deroche Perfumes","Beleza e cuidados pessoais > Perfumes e cosméticos > Perfume","Perfumes","Perfumes, Masculino, Perfume Importado","TRUE","Title","Default Title","","","18282818191","400","shopify","3","deny","manual","275.00","","TRUE","TRUE","","1","Perfume Eclaire","FALSE","Perfume Eclaire | Deroche Mantos","Compre Perfume Eclaire na Deroche Mantos. Qualidade garantida, pronta entrega. Pix com desconto e parcelamento em até 12x.","Beleza e cuidados pessoais > Perfumes e cosméticos > Perfume","active"
"perfume-eqaab-al-wataniah","Perfume Eqaab Al Wataniah","<h2>Perfume Eqaab Al Wataniah</h2>
<p>Perfume Eqaab Al Wataniah — fragrância importada de alta fixação, ideal para uso diário ou ocasiões especiais.</p>
<h3>Diferenciais</h3>
<ul>
<li>Fragrância importada</li>
<li>Alta fixação</li>
<li>Frasco original</li>
<li>Ideal para presentear</li>
</ul>","Al Wataniah","Beleza e cuidados pessoais > Perfumes e cosméticos > Perfume","Perfumes","Perfumes, Masculino, Perfume Importado","TRUE","Title","Default Title","","","182828181814","400","shopify","4","deny","manual","274.90","","TRUE","TRUE","","1","Perfume Eqaab Al Wataniah","FALSE","Perfume Eqaab Al Wataniah | Deroche Mantos","Compre Perfume Eqaab Al Wataniah na Deroche Mantos. Qualidade garantida, pronta entrega. Pix com desconto e parcelamento em até 12x.","Beleza e cuidados pessoais > Perfumes e cosméticos > Perfume","active"
"perfume-fakhar-gold","Perfume Fakhar Gold","<h2>Perfume Fakhar Gold</h2>
<p>Perfume Fakhar Gold — fragrância importada de alta fixação, ideal para uso diário ou ocasiões especiais.</p>
<h3>Diferenciais</h3>
<ul>
<li>Fragrância importada</li>
<li>Alta fixação</li>
<li>Frasco original</li>
<li>Ideal para presentear</li>
</ul>","Deroche Perfumes","Beleza e cuidados pessoais > Perfumes e cosméticos > Perfume","Perfumes","Perfumes, Gold, Masculino, Perfume Importado","TRUE","Title","Default Title","","","18281828","400","shopify","6","deny","manual","299.90","","TRUE","TRUE","","1","Perfume Fakhar Gold","FALSE","Perfume Fakhar Gold | Deroche Mantos","Compre Perfume Fakhar Gold na Deroche Mantos. Qualidade garantida, pronta entrega. Pix com desconto e parcelamento em até 12x.","Beleza e cuidados pessoais > Perfumes e cosméticos > Perfume","active"
"perfume-fakhar-prata","Perfume Fakhar Prata","<h2>Perfume Fakhar Prata</h2>
<p>Perfume Fakhar Prata — fragrância importada de alta fixação, ideal para uso diário ou ocasiões especiais.</p>
<h3>Diferenciais</h3>
<ul>
<li>Fragrância importada</li>
<li>Alta fixação</li>
<li>Frasco original</li>
<li>Ideal para presentear</li>
</ul>","Deroche Perfumes","Beleza e cuidados pessoais > Perfumes e cosméticos > Perfume","Perfumes","Perfumes, Prata, Masculino, Perfume Importado","TRUE","Title","Default Title","","","182828128","400","shopify","2","deny","manual","299.90","","TRUE","TRUE","","1","Perfume Fakhar Prata","FALSE","Perfume Fakhar Prata | Deroche Mantos","Compre Perfume Fakhar Prata na Deroche Mantos. Qualidade garantida, pronta entrega. Pix com desconto e parcelamento em até 12x.","Beleza e cuidados pessoais > Perfumes e cosméticos > Perfume","active"
"perfume-fakhar-rosa","Perfume Fakhar Rosa","<h2>Perfume Fakhar Rosa</h2>
<p>Perfume Fakhar Rosa — fragrância importada de alta fixação, ideal para uso diário ou ocasiões especiais.</p>
<h3>Diferenciais</h3>
<ul>
<li>Fragrância importada</li>
<li>Alta fixação</li>
<li>Frasco original</li>
<li>Ideal para presentear</li>
</ul>","Deroche Perfumes","Beleza e cuidados pessoais > Perfumes e cosméticos > Perfume","Perfumes","Perfumes, Rosa, Masculino, Perfume Importado","TRUE","Title","Default Title","","","2828282","400","shopify","4","deny","manual","299.90","","TRUE","TRUE","","1","Perfume Fakhar Rosa","FALSE","Perfume Fakhar Rosa | Deroche Mantos","Compre Perfume Fakhar Rosa na Deroche Mantos. Qualidade garantida, pronta entrega. Pix com desconto e parcelamento em até 12x.","Beleza e cuidados pessoais > Perfumes e cosméticos > Perfume","active"
"perfume-floral-profumo-maison-al-hambra","Perfume Floral Profumo Maison Al Hambra","<h2>Perfume Floral Profumo Maison Al Hambra</h2>
<p>Perfume Floral Profumo Maison Al Hambra — fragrância importada de alta fixação, ideal para uso diário ou ocasiões especiais.</p>
<h3>Diferenciais</h3>
<ul>
<li>Fragrância importada</li>
<li>Alta fixação</li>
<li>Frasco original</li>
<li>Ideal para presentear</li>
</ul>","Maison Al Hambra","Beleza e cuidados pessoais > Perfumes e cosméticos > Perfume","Perfumes","Perfumes, Masculino, Perfume Importado","TRUE","Title","Default Title","","","2929282372","400","shopify","1","deny","manual","249.90","","TRUE","TRUE","","1","Perfume Floral Profumo Maison Al Hambra","FALSE","Perfume Floral Profumo Maison Al Hambra | Deroche Mantos","Compre Perfume Floral Profumo Maison Al Hambra na Deroche Mantos. Qualidade garantida, pronta entrega. Pix com desconto e parcelamento em até 12x.","Beleza e cuidados pessoais > Perfumes e cosméticos > Perfume","active"
"perfume-galactic-men","Perfume Galactic Men","<h2>Perfume Galactic Men</h2>
<p>Perfume Galactic Men — fragrância importada de alta fixação, ideal para uso diário ou ocasiões especiais.</p>
<h3>Diferenciais</h3>
<ul>
<li>Fragrância importada</li>
<li>Alta fixação</li>
<li>Frasco original</li>
<li>Ideal para presentear</li>
</ul>","Deroche Perfumes","Beleza e cuidados pessoais > Perfumes e cosméticos > Perfume","Perfumes","Perfumes, Masculino, Perfume Importado","TRUE","Title","Default Title","","","2828282838282","400","shopify","2","deny","manual","274.90","","TRUE","TRUE","","1","Perfume Galactic Men","FALSE","Perfume Galactic Men | Deroche Mantos","Compre Perfume Galactic Men na Deroche Mantos. Qualidade garantida, pronta entrega. Pix com desconto e parcelamento em até 12x.","Beleza e cuidados pessoais > Perfumes e cosméticos > Perfume","active"
"perfume-hayaati-maleky-lattafa","Perfume Hayaati Maleky Lattafa","<h2>Perfume Hayaati Maleky Lattafa</h2>
<p>Perfume Hayaati Maleky Lattafa — fragrância importada de alta fixação, ideal para uso diário ou ocasiões especiais.</p>
<h3>Diferenciais</h3>
<ul>
<li>Fragrância importada</li>
<li>Alta fixação</li>
<li>Frasco original</li>
<li>Ideal para presentear</li>
</ul>","Lattafa","Beleza e cuidados pessoais > Perfumes e cosméticos > Perfume","Perfumes","Perfumes, Masculino, Perfume Importado","TRUE","Title","Default Title","","","192838282822","400","shopify","3","deny","manual","249.90","","TRUE","TRUE","","1","Perfume Hayaati Maleky Lattafa","FALSE","Perfume Hayaati Maleky Lattafa | Deroche Mantos","Compre Perfume Hayaati Maleky Lattafa na Deroche Mantos. Qualidade garantida, pronta entrega. Pix com desconto e parcelamento em até 12x.","Beleza e cuidados pessoais > Perfumes e cosméticos > Perfume","active"
"perfume-house-of-oud-al-wataniah","Perfume House of Oud Al Wataniah","<h2>Perfume House of Oud Al Wataniah</h2>
<p>Perfume House of Oud Al Wataniah — fragrância importada de alta fixação, ideal para uso diário ou ocasiões especiais.</p>
<h3>Diferenciais</h3>
<ul>
<li>Fragrância importada</li>
<li>Alta fixação</li>
<li>Frasco original</li>
<li>Ideal para presentear</li>
</ul>","Al Wataniah","Beleza e cuidados pessoais > Perfumes e cosméticos > Perfume","Perfumes","Perfumes, Masculino, Perfume Importado","TRUE","Title","Default Title","","","181811818181","400","shopify","4","deny","manual","274.90","","TRUE","TRUE","","1","Perfume House of Oud Al Wataniah","FALSE","Perfume House of Oud Al Wataniah | Deroche Mantos","Compre Perfume House of Oud Al Wataniah na Deroche Mantos. Qualidade garantida, pronta entrega. Pix com desconto e parcelamento em até 12x.","Beleza e cuidados pessoais > Perfumes e cosméticos > Perfume","active"
"perfume-jorge-di-profumo-deep-blue","Perfume Jorge Di Profumo Deep Blue","<h2>Perfume Jorge Di Profumo Deep Blue</h2>
<p>Perfume Jorge Di Profumo Deep Blue — fragrância importada de alta fixação, ideal para uso diário ou ocasiões especiais.</p>
<h3>Diferenciais</h3>
<ul>
<li>Fragrância importada</li>
<li>Alta fixação</li>
<li>Frasco original</li>
<li>Ideal para presentear</li>
</ul>","Deroche Perfumes","Beleza e cuidados pessoais > Perfumes e cosméticos > Perfume","Perfumes","Perfumes, Masculino, Perfume Importado","TRUE","Title","Default Title","","","192928382","400","shopify","4","deny","manual","274.90","","TRUE","TRUE","","1","Perfume Jorge Di Profumo Deep Blue","FALSE","Perfume Jorge Di Profumo Deep Blue | Deroche Mantos","Compre Perfume Jorge Di Profumo Deep Blue na Deroche Mantos. Qualidade garantida, pronta entrega. Pix com desconto e parcelamento em até 12x.","Beleza e cuidados pessoais > Perfumes e cosméticos > Perfume","active"
"perfume-khalid-lattafa","Perfume Khalid Lattafa","<h2>Perfume Khalid Lattafa</h2>
<p>Perfume Khalid Lattafa — fragrância importada de alta fixação, ideal para uso diário ou ocasiões especiais.</p>
<h3>Diferenciais</h3>
<ul>
<li>Fragrância importada</li>
<li>Alta fixação</li>
<li>Frasco original</li>
<li>Ideal para presentear</li>
</ul>","Lattafa","Beleza e cuidados pessoais > Perfumes e cosméticos > Perfume","Perfumes","Perfumes, Masculino, Perfume Importado","TRUE","Title","Default Title","","","182828282282","400","shopify","3","deny","manual","349.90","","TRUE","TRUE","","1","Perfume Khalid Lattafa","FALSE","Perfume Khalid Lattafa | Deroche Mantos","Compre Perfume Khalid Lattafa na Deroche Mantos. Qualidade garantida, pronta entrega. Pix com desconto e parcelamento em até 12x.","Beleza e cuidados pessoais > Perfumes e cosméticos > Perfume","active"
"perfume-kit-asad-s-4-em-1","Perfume Kit Asad’s 4 em 1","<h2>Perfume Kit Asad’s 4 em 1</h2>
<p>Perfume Kit Asad’s 4 em 1 — fragrância importada de alta fixação, ideal para uso diário ou ocasiões especiais.</p>
<h3>Diferenciais</h3>
<ul>
<li>Fragrância importada</li>
<li>Alta fixação</li>
<li>Frasco original</li>
<li>Ideal para presentear</li>
</ul>","Deroche Perfumes","Beleza e cuidados pessoais > Perfumes e cosméticos > Perfume","Perfumes","Perfumes, Masculino, Perfume Importado","TRUE","Title","Default Title","","","2838282821","400","shopify","1","deny","manual","374.90","","TRUE","TRUE","","1","Perfume Kit Asad’s 4 em 1","FALSE","Perfume Kit Asad’s 4 em 1 | Deroche Mantos","Compre Perfume Kit Asad’s 4 em 1 na Deroche Mantos. Qualidade garantida, pronta entrega. Pix com desconto e parcelamento em até 12x.","Beleza e cuidados pessoais > Perfumes e cosméticos > Perfume","active"
"perfume-lattafa-afeef","Perfume Lattafa Afeef","<h2>Perfume Lattafa Afeef</h2>
<p>Perfume Lattafa Afeef — fragrância importada de alta fixação, ideal para uso diário ou ocasiões especiais.</p>
<h3>Diferenciais</h3>
<ul>
<li>Fragrância importada</li>
<li>Alta fixação</li>
<li>Frasco original</li>
<li>Ideal para presentear</li>
</ul>","Lattafa","Beleza e cuidados pessoais > Perfumes e cosméticos > Perfume","Perfumes","Perfumes, Masculino, Perfume Importado","TRUE","Title","Default Title","","","1838485969593932","400","shopify","1","deny","manual","349.90","","TRUE","TRUE","","1","Perfume Lattafa Afeef","FALSE","Perfume Lattafa Afeef | Deroche Mantos","Compre Perfume Lattafa Afeef na Deroche Mantos. Qualidade garantida, pronta entrega. Pix com desconto e parcelamento em até 12x.","Beleza e cuidados pessoais > Perfumes e cosméticos > Perfume","active"
"perfume-lattafa-art-of-universe","Perfume Lattafa Art Of Universe","<h2>Perfume Lattafa Art Of Universe</h2>
<p>Perfume Lattafa Art Of Universe — fragrância importada de alta fixação, ideal para uso diário ou ocasiões especiais.</p>
<h3>Diferenciais</h3>
<ul>
<li>Fragrância importada</li>
<li>Alta fixação</li>
<li>Frasco original</li>
<li>Ideal para presentear</li>
</ul>","Lattafa","Beleza e cuidados pessoais > Perfumes e cosméticos > Perfume","Perfumes","Perfumes, Masculino, Perfume Importado","TRUE","Title","Default Title","","","182818282822","400","shopify","6","deny","manual","349.90","","TRUE","TRUE","","1","Perfume Lattafa Art Of Universe","FALSE","Perfume Lattafa Art Of Universe | Deroche Mantos","Compre Perfume Lattafa Art Of Universe na Deroche Mantos. Qualidade garantida, pronta entrega. Pix com desconto e parcelamento em até 12x.","Beleza e cuidados pessoais > Perfumes e cosméticos > Perfume","active"
"perfume-le-falcone-muharib","Perfume Le Falcone Muharib","<h2>Perfume Le Falcone Muharib</h2>
<p>Perfume Le Falcone Muharib — fragrância importada de alta fixação, ideal para uso diário ou ocasiões especiais.</p>
<h3>Diferenciais</h3>
<ul>
<li>Fragrância importada</li>
<li>Alta fixação</li>
<li>Frasco original</li>
<li>Ideal para presentear</li>
</ul>","Deroche Perfumes","Beleza e cuidados pessoais > Perfumes e cosméticos > Perfume","Perfumes","Perfumes, Masculino, Perfume Importado","TRUE","Title","Default Title","","","19291847262","400","shopify","1","deny","manual","299.90","","TRUE","TRUE","","1","Perfume Le Falcone Muharib","FALSE","Perfume Le Falcone Muharib | Deroche Mantos","Compre Perfume Le Falcone Muharib na Deroche Mantos. Qualidade garantida, pronta entrega. Pix com desconto e parcelamento em até 12x.","Beleza e cuidados pessoais > Perfumes e cosméticos > Perfume","active"
"perfume-le-falcone-elegant","Perfume Le Falconé Elegant","<h2>Perfume Le Falconé Elegant</h2>
<p>Perfume Le Falconé Elegant — fragrância importada de alta fixação, ideal para uso diário ou ocasiões especiais.</p>
<h3>Diferenciais</h3>
<ul>
<li>Fragrância importada</li>
<li>Alta fixação</li>
<li>Frasco original</li>
<li>Ideal para presentear</li>
</ul>","Deroche Perfumes","Beleza e cuidados pessoais > Perfumes e cosméticos > Perfume","Perfumes","Perfumes, Masculino, Perfume Importado","TRUE","Title","Default Title","","","18282838218","400","shopify","3","deny","manual","299.90","","TRUE","TRUE","","1","Perfume Le Falconé Elegant","FALSE","Perfume Le Falconé Elegant | Deroche Mantos","Compre Perfume Le Falconé Elegant na Deroche Mantos. Qualidade garantida, pronta entrega. Pix com desconto e parcelamento em até 12x.","Beleza e cuidados pessoais > Perfumes e cosméticos > Perfume","active"
"perfume-perseus-maison-al-hambra","Perfume Perseus Maison Al Hambra","<h2>Perfume Perseus Maison Al Hambra</h2>
<p>Perfume Perseus Maison Al Hambra — fragrância importada de alta fixação, ideal para uso diário ou ocasiões especiais.</p>
<h3>Diferenciais</h3>
<ul>
<li>Fragrância importada</li>
<li>Alta fixação</li>
<li>Frasco original</li>
<li>Ideal para presentear</li>
</ul>","Maison Al Hambra","Beleza e cuidados pessoais > Perfumes e cosméticos > Perfume","Perfumes","Perfumes, Masculino, Perfume Importado","TRUE","Title","Default Title","","","183818181","400","shopify","1","deny","manual","249.90","","TRUE","TRUE","","1","Perfume Perseus Maison Al Hambra","FALSE","Perfume Perseus Maison Al Hambra | Deroche Mantos","Compre Perfume Perseus Maison Al Hambra na Deroche Mantos. Qualidade garantida, pronta entrega. Pix com desconto e parcelamento em até 12x.","Beleza e cuidados pessoais > Perfumes e cosméticos > Perfume","active"
"perfume-rayhaan-tiger","Perfume Rayhaan Tiger","<h2>Perfume Rayhaan Tiger</h2>
<p>Perfume Rayhaan Tiger — fragrância importada de alta fixação, ideal para uso diário ou ocasiões especiais.</p>
<h3>Diferenciais</h3>
<ul>
<li>Fragrância importada</li>
<li>Alta fixação</li>
<li>Frasco original</li>
<li>Ideal para presentear</li>
</ul>","Deroche Perfumes","Beleza e cuidados pessoais > Perfumes e cosméticos > Perfume","Perfumes","Perfumes, Masculino, Perfume Importado","TRUE","Title","Default Title","","","19392938282","400","shopify","2","deny","manual","274.90","","TRUE","TRUE","","1","Perfume Rayhaan Tiger","FALSE","Perfume Rayhaan Tiger | Deroche Mantos","Compre Perfume Rayhaan Tiger na Deroche Mantos. Qualidade garantida, pronta entrega. Pix com desconto e parcelamento em até 12x.","Beleza e cuidados pessoais > Perfumes e cosméticos > Perfume","active"
"perfume-sabah-al-ward","Perfume Sabah Al Ward","<h2>Perfume Sabah Al Ward</h2>
<p>Perfume Sabah Al Ward — fragrância importada de alta fixação, ideal para uso diário ou ocasiões especiais.</p>
<h3>Diferenciais</h3>
<ul>
<li>Fragrância importada</li>
<li>Alta fixação</li>
<li>Frasco original</li>
<li>Ideal para presentear</li>
</ul>","Deroche Perfumes","Beleza e cuidados pessoais > Perfumes e cosméticos > Perfume","Perfumes","Perfumes, Masculino, Perfume Importado","TRUE","Title","Default Title","","","192919191","400","shopify","3","deny","manual","299.90","","TRUE","TRUE","","1","Perfume Sabah Al Ward","FALSE","Perfume Sabah Al Ward | Deroche Mantos","Compre Perfume Sabah Al Ward na Deroche Mantos. Qualidade garantida, pronta entrega. Pix com desconto e parcelamento em até 12x.","Beleza e cuidados pessoais > Perfumes e cosméticos > Perfume","active"
"perfume-sabah-sugar","Perfume Sabah Sugar","<h2>Perfume Sabah Sugar</h2>
<p>Perfume Sabah Sugar — fragrância importada de alta fixação, ideal para uso diário ou ocasiões especiais.</p>
<h3>Diferenciais</h3>
<ul>
<li>Fragrância importada</li>
<li>Alta fixação</li>
<li>Frasco original</li>
<li>Ideal para presentear</li>
</ul>","Deroche Perfumes","Beleza e cuidados pessoais > Perfumes e cosméticos > Perfume","Perfumes","Perfumes, Masculino, Perfume Importado","TRUE","Title","Default Title","","","182828281","400","shopify","3","deny","manual","299.90","","TRUE","TRUE","","1","Perfume Sabah Sugar","FALSE","Perfume Sabah Sugar | Deroche Mantos","Compre Perfume Sabah Sugar na Deroche Mantos. Qualidade garantida, pronta entrega. Pix com desconto e parcelamento em até 12x.","Beleza e cuidados pessoais > Perfumes e cosméticos > Perfume","active"
"perfume-salvo-elixir","Perfume Salvo Elixir","<h2>Perfume Salvo Elixir</h2>
<p>Perfume Salvo Elixir — fragrância importada de alta fixação, ideal para uso diário ou ocasiões especiais.</p>
<h3>Diferenciais</h3>
<ul>
<li>Fragrância importada</li>
<li>Alta fixação</li>
<li>Frasco original</li>
<li>Ideal para presentear</li>
</ul>","Deroche Perfumes","Beleza e cuidados pessoais > Perfumes e cosméticos > Perfume","Perfumes","Perfumes, Masculino, Perfume Importado","TRUE","Title","Default Title","","","2838182821811","400","shopify","4","deny","manual","249.90","","TRUE","TRUE","","1","Perfume Salvo Elixir","FALSE","Perfume Salvo Elixir | Deroche Mantos","Compre Perfume Salvo Elixir na Deroche Mantos. Qualidade garantida, pronta entrega. Pix com desconto e parcelamento em até 12x.","Beleza e cuidados pessoais > Perfumes e cosméticos > Perfume","active"
"perfume-salvo-intense","Perfume Salvo Intense","<h2>Perfume Salvo Intense</h2>
<p>Perfume Salvo Intense — fragrância importada de alta fixação, ideal para uso diário ou ocasiões especiais.</p>
<h3>Diferenciais</h3>
<ul>
<li>Fragrância importada</li>
<li>Alta fixação</li>
<li>Frasco original</li>
<li>Ideal para presentear</li>
</ul>","Deroche Perfumes","Beleza e cuidados pessoais > Perfumes e cosméticos > Perfume","Perfumes","Perfumes, Masculino, Perfume Importado","TRUE","Title","Default Title","","","182827372722","400","shopify","6","deny","manual","249.90","","TRUE","TRUE","","1","Perfume Salvo Intense","FALSE","Perfume Salvo Intense | Deroche Mantos","Compre Perfume Salvo Intense na Deroche Mantos. Qualidade garantida, pronta entrega. Pix com desconto e parcelamento em até 12x.","Beleza e cuidados pessoais > Perfumes e cosméticos > Perfume","active"
"perfume-shagaf-al-ward","Perfume Shagaf Al Ward","<h2>Perfume Shagaf Al Ward</h2>
<p>Perfume Shagaf Al Ward — fragrância importada de alta fixação, ideal para uso diário ou ocasiões especiais.</p>
<h3>Diferenciais</h3>
<ul>
<li>Fragrância importada</li>
<li>Alta fixação</li>
<li>Frasco original</li>
<li>Ideal para presentear</li>
</ul>","Deroche Perfumes","Beleza e cuidados pessoais > Perfumes e cosméticos > Perfume","Perfumes","Perfumes, Masculino, Perfume Importado","TRUE","Title","Default Title","","","1828383838228","400","shopify","1","deny","manual","274.90","","TRUE","TRUE","","1","Perfume Shagaf Al Ward","FALSE","Perfume Shagaf Al Ward | Deroche Mantos","Compre Perfume Shagaf Al Ward na Deroche Mantos. Qualidade garantida, pronta entrega. Pix com desconto e parcelamento em até 12x.","Beleza e cuidados pessoais > Perfumes e cosméticos > Perfume","active"
"perfume-so-candid-rouge-scandal","Perfume So Candid Rouge (Scandal)","<h2>Perfume So Candid Rouge (Scandal)</h2>
<p>Perfume So Candid Rouge (Scandal) — fragrância importada de alta fixação, ideal para uso diário ou ocasiões especiais.</p>
<h3>Diferenciais</h3>
<ul>
<li>Fragrância importada</li>
<li>Alta fixação</li>
<li>Frasco original</li>
<li>Ideal para presentear</li>
</ul>","Deroche Perfumes","Beleza e cuidados pessoais > Perfumes e cosméticos > Perfume","Perfumes","Perfumes, Masculino, Perfume Importado","TRUE","Title","Default Title","","","182828282827272","400","shopify","2","deny","manual","274.90","","TRUE","TRUE","","1","Perfume So Candid Rouge (Scandal)","FALSE","Perfume So Candid Rouge (Scandal) | Deroche Mantos","Compre Perfume So Candid Rouge (Scandal) na Deroche Mantos. Qualidade garantida, pronta entrega. Pix com desconto e parcelamento em até 12x.","Beleza e cuidados pessoais > Perfumes e cosméticos > Perfume","active"
"perfume-spectre-ghost","Perfume Spectre Ghost","<h2>Perfume Spectre Ghost</h2>
<p>Perfume Spectre Ghost — fragrância importada de alta fixação, ideal para uso diário ou ocasiões especiais.</p>
<h3>Diferenciais</h3>
<ul>
<li>Fragrância importada</li>
<li>Alta fixação</li>
<li>Frasco original</li>
<li>Ideal para presentear</li>
</ul>","Deroche Perfumes","Beleza e cuidados pessoais > Perfumes e cosméticos > Perfume","Perfumes","Perfumes, Masculino, Perfume Importado","TRUE","Title","Default Title","","","56782818181","400","shopify","3","deny","manual","349.90","","TRUE","TRUE","","1","Perfume Spectre Ghost","FALSE","Perfume Spectre Ghost | Deroche Mantos","Compre Perfume Spectre Ghost na Deroche Mantos. Qualidade garantida, pronta entrega. Pix com desconto e parcelamento em até 12x.","Beleza e cuidados pessoais > Perfumes e cosméticos > Perfume","active"
"perfume-turathi-blue-afnan","Perfume Turathi Blue Afnan","<h2>Perfume Turathi Blue Afnan</h2>
<p>Perfume Turathi Blue Afnan — fragrância importada de alta fixação, ideal para uso diário ou ocasiões especiais.</p>
<h3>Diferenciais</h3>
<ul>
<li>Fragrância importada</li>
<li>Alta fixação</li>
<li>Frasco original</li>
<li>Ideal para presentear</li>
</ul>","Afnan","Beleza e cuidados pessoais > Perfumes e cosméticos > Perfume","Perfumes","Perfumes, Masculino, Perfume Importado","TRUE","Title","Default Title","","","1929191928328","400","shopify","3","deny","manual","349.90","","TRUE","TRUE","","1","Perfume Turathi Blue Afnan","FALSE","Perfume Turathi Blue Afnan | Deroche Mantos","Compre Perfume Turathi Blue Afnan na Deroche Mantos. Qualidade garantida, pronta entrega. Pix com desconto e parcelamento em até 12x.","Beleza e cuidados pessoais > Perfumes e cosméticos > Perfume","active"
"perfume-vip-pour-femme-212","Perfume VIP Pour Femme (212)","<h2>Perfume VIP Pour Femme (212)</h2>
<p>Perfume VIP Pour Femme (212) — fragrância importada de alta fixação, ideal para uso diário ou ocasiões especiais.</p>
<h3>Diferenciais</h3>
<ul>
<li>Fragrância importada</li>
<li>Alta fixação</li>
<li>Frasco original</li>
<li>Ideal para presentear</li>
</ul>","Deroche Perfumes","Beleza e cuidados pessoais > Perfumes e cosméticos > Perfume","Perfumes","Perfumes, Masculino, Perfume Importado","TRUE","Title","Default Title","","","283282828284444444","400","shopify","1","deny","manual","274.90","","TRUE","TRUE","","1","Perfume VIP Pour Femme (212)","FALSE","Perfume VIP Pour Femme (212) | Deroche Mantos","Compre Perfume VIP Pour Femme (212) na Deroche Mantos. Qualidade garantida, pronta entrega. Pix com desconto e parcelamento em até 12x.","Beleza e cuidados pessoais > Perfumes e cosméticos > Perfume","active"
"perfume-vulcan-feu","Perfume Vulcan Feu","<h2>Perfume Vulcan Feu</h2>
<p>Perfume Vulcan Feu — fragrância importada de alta fixação, ideal para uso diário ou ocasiões especiais.</p>
<h3>Diferenciais</h3>
<ul>
<li>Fragrância importada</li>
<li>Alta fixação</li>
<li>Frasco original</li>
<li>Ideal para presentear</li>
</ul>","Deroche Perfumes","Beleza e cuidados pessoais > Perfumes e cosméticos > Perfume","Perfumes","Perfumes, Masculino, Perfume Importado","TRUE","Title","Default Title","","","192829382828","400","shopify","4","deny","manual","399.90","","TRUE","TRUE","","1","Perfume Vulcan Feu","FALSE","Perfume Vulcan Feu | Deroche Mantos","Compre Perfume Vulcan Feu na Deroche Mantos. Qualidade garantida, pronta entrega. Pix com desconto e parcelamento em até 12x.","Beleza e cuidados pessoais > Perfumes e cosméticos > Perfume","active"
"perfume-watani-al-wataniah","Perfume Watani Al Wataniah","<h2>Perfume Watani Al Wataniah</h2>
<p>Perfume Watani Al Wataniah — fragrância importada de alta fixação, ideal para uso diário ou ocasiões especiais.</p>
<h3>Diferenciais</h3>
<ul>
<li>Fragrância importada</li>
<li>Alta fixação</li>
<li>Frasco original</li>
<li>Ideal para presentear</li>
</ul>","Al Wataniah","Beleza e cuidados pessoais > Perfumes e cosméticos > Perfume","Perfumes","Perfumes, Masculino, Perfume Importado","TRUE","Title","Default Title","","","181828281","400","shopify","5","deny","manual","274.90","","TRUE","TRUE","","1","Perfume Watani Al Wataniah","FALSE","Perfume Watani Al Wataniah | Deroche Mantos","Compre Perfume Watani Al Wataniah na Deroche Mantos. Qualidade garantida, pronta entrega. Pix com desconto e parcelamento em até 12x.","Beleza e cuidados pessoais > Perfumes e cosméticos > Perfume","active"
"perfume-watani-intense-wataniah","Perfume Watani Intense Wataniah","<h2>Perfume Watani Intense Wataniah</h2>
<p>Perfume Watani Intense Wataniah — fragrância importada de alta fixação, ideal para uso diário ou ocasiões especiais.</p>
<h3>Diferenciais</h3>
<ul>
<li>Fragrância importada</li>
<li>Alta fixação</li>
<li>Frasco original</li>
<li>Ideal para presentear</li>
</ul>","Deroche Perfumes","Beleza e cuidados pessoais > Perfumes e cosméticos > Perfume","Perfumes","Perfumes, Masculino, Perfume Importado","TRUE","Title","Default Title","","","191819191819","400","shopify","3","deny","manual","219.90","","TRUE","TRUE","","1","Perfume Watani Intense Wataniah","FALSE","Perfume Watani Intense Wataniah | Deroche Mantos","Compre Perfume Watani Intense Wataniah na Deroche Mantos. Qualidade garantida, pronta entrega. Pix com desconto e parcelamento em até 12x.","Beleza e cuidados pessoais > Perfumes e cosméticos > Perfume","active"
"perfume-watani-noir-wataniah","Perfume Watani Noir Wataniah","<h2>Perfume Watani Noir Wataniah</h2>
<p>Perfume Watani Noir Wataniah — fragrância importada de alta fixação, ideal para uso diário ou ocasiões especiais.</p>
<h3>Diferenciais</h3>
<ul>
<li>Fragrância importada</li>
<li>Alta fixação</li>
<li>Frasco original</li>
<li>Ideal para presentear</li>
</ul>","Deroche Perfumes","Beleza e cuidados pessoais > Perfumes e cosméticos > Perfume","Perfumes","Perfumes, Masculino, Perfume Importado","TRUE","Title","Default Title","","","4588543224","400","shopify","1","deny","manual","199.90","","TRUE","TRUE","","1","Perfume Watani Noir Wataniah","FALSE","Perfume Watani Noir Wataniah | Deroche Mantos","Compre Perfume Watani Noir Wataniah na Deroche Mantos. Qualidade garantida, pronta entrega. Pix com desconto e parcelamento em até 12x.","Beleza e cuidados pessoais > Perfumes e cosméticos > Perfume","active"
"portugal-vermelha-2026","Portugal Vermelha 2026","<h2>Portugal Vermelha 2026</h2>
<p>Camisa inspirada no uniforme do Portugal temporada 2026. Confeccionada em tecido Dry Fit Premium, com excelente acabamento. Ideal para torcedores e colecionadores.</p>
<h3>Diferenciais</h3>
<ul>
<li>Tecido Dry Fit Premium</li>
<li>Costura reforçada</li>
<li>Escudo bordado</li>
<li>Alta respirabilidade</li>
<li>Excelente acabamento</li>
</ul>","Deroche","Vestuário e acessórios > Roupas > Camisas e blusas","Camisas Futebol","Portugal, Camisa Portugal, 2026, Camisas Futebol, Vermelha, Masculino, Futebol, Brasileirão","TRUE","Tamanho","P","","","18288822828-P","200","shopify","1","deny","manual","180.00","","TRUE","TRUE","","1","Portugal Vermelha 2026","FALSE","Portugal Vermelha 2026 | Deroche Mantos","Compre Portugal Vermelha 2026 na Deroche Mantos. Tecido premium, pronta entrega. Pix com desconto e parcelamento em até 12x.","Vestuário e acessórios > Roupas > Camisas e blusas","active"
"portugal-vermelha-2026","","","","","","","","Tamanho","M","","","18288822828-M","200","shopify","2","deny","manual","180.00","","TRUE","TRUE","","","","","","","",""
"portugal-vermelha-2026","","","","","","","","Tamanho","G","","","18288822828-G","200","shopify","1","deny","manual","180.00","","TRUE","TRUE","","","","","","","",""
"regata-canelada-branca","Regata Canelada Branca","<h2>Regata Canelada Branca</h2>
<p>Peça streetwear regata canelada branca, com caimento moderno e tecido confortável para o dia a dia urbano.</p>
<h3>Diferenciais</h3>
<ul>
<li>Tecido de alta qualidade</li>
<li>Caimento moderno</li>
<li>Conforto para uso diário</li>
<li>Estilo streetwear autêntico</li>
</ul>","Deroche","Vestuário e acessórios > Roupas","Streetwear","Streetwear, Branca, Masculino","TRUE","Tamanho","P","","","346788888999-P","220","shopify","1","deny","manual","149.90","","TRUE","TRUE","","1","Regata Canelada Branca","FALSE","Regata Canelada Branca | Deroche Mantos","Compre Regata Canelada Branca na Deroche Mantos. Qualidade garantida, pronta entrega. Pix com desconto e parcelamento em até 12x.","Vestuário e acessórios > Roupas","active"
"regata-canelada-branca","","","","","","","","Tamanho","M","","","346788888999-M","220","shopify","2","deny","manual","149.90","","TRUE","TRUE","","","","","","","",""
"regata-canelada-branca","","","","","","","","Tamanho","G","","","346788888999-G","220","shopify","2","deny","manual","149.90","","TRUE","TRUE","","","","","","","",""
"regata-canelada-branca","","","","","","","","Tamanho","GG","","","346788888999-GG","220","shopify","2","deny","manual","149.90","","TRUE","TRUE","","","","","","","",""
"regata-canelada-branca","","","","","","","","Tamanho","XGG","","","346788888999-XGG","220","shopify","1","deny","manual","149.90","","TRUE","TRUE","","","","","","","",""
"regata-canelada-preta","Regata Canelada Preta","<h2>Regata Canelada Preta</h2>
<p>Peça streetwear regata canelada preta, com caimento moderno e tecido confortável para o dia a dia urbano.</p>
<h3>Diferenciais</h3>
<ul>
<li>Tecido de alta qualidade</li>
<li>Caimento moderno</li>
<li>Conforto para uso diário</li>
<li>Estilo streetwear autêntico</li>
</ul>","Deroche","Vestuário e acessórios > Roupas","Streetwear","Streetwear, Preta, Masculino","TRUE","Tamanho","P","","","284828472-P","220","shopify","1","deny","manual","149.90","","TRUE","TRUE","","1","Regata Canelada Preta","FALSE","Regata Canelada Preta | Deroche Mantos","Compre Regata Canelada Preta na Deroche Mantos. Qualidade garantida, pronta entrega. Pix com desconto e parcelamento em até 12x.","Vestuário e acessórios > Roupas","active"
"regata-canelada-preta","","","","","","","","Tamanho","M","","","284828472-M","220","shopify","3","deny","manual","149.90","","TRUE","TRUE","","","","","","","",""
"regata-canelada-preta","","","","","","","","Tamanho","G","","","284828472-G","220","shopify","3","deny","manual","149.90","","TRUE","TRUE","","","","","","","",""
"relogio-lacoste","Relógio Lacoste","<h2>Relógio Lacoste</h2>
<p>Relógio Lacoste, produto eletrônico com boa autonomia e acabamento resistente para uso diário.</p>
<h3>Diferenciais</h3>
<ul>
<li>Boa autonomia</li>
<li>Acabamento resistente</li>
<li>Fácil de usar</li>
<li>Ótimo custo-benefício</li>
</ul>","Lacoste","Eletrônicos","Eletrônicos","Eletrônicos, Masculino","TRUE","Title","Default Title","","","19292929","300","shopify","21","deny","manual","99.90","","TRUE","TRUE","","1","Relógio Lacoste","FALSE","Relógio Lacoste | Deroche Mantos","Compre Relógio Lacoste na Deroche Mantos. Qualidade garantida, pronta entrega. Pix com desconto e parcelamento em até 12x.","Eletrônicos","active"
"relogio-oakley","Relógio Oakley","<h2>Relógio Oakley</h2>
<p>Relógio Oakley, produto eletrônico com boa autonomia e acabamento resistente para uso diário.</p>
<h3>Diferenciais</h3>
<ul>
<li>Boa autonomia</li>
<li>Acabamento resistente</li>
<li>Fácil de usar</li>
<li>Ótimo custo-benefício</li>
</ul>","Deroche","Eletrônicos","Eletrônicos","Eletrônicos, Masculino","TRUE","Title","Default Title","","","28282828228","300","shopify","6","deny","manual","99.90","","TRUE","TRUE","","1","Relógio Oakley","FALSE","Relógio Oakley | Deroche Mantos","Compre Relógio Oakley na Deroche Mantos. Qualidade garantida, pronta entrega. Pix com desconto e parcelamento em até 12x.","Eletrônicos","active"
"relogio-poedagar","Relógio Poedagar","<h2>Relógio Poedagar</h2>
<p>Relógio Poedagar, produto eletrônico com boa autonomia e acabamento resistente para uso diário.</p>
<h3>Diferenciais</h3>
<ul>
<li>Boa autonomia</li>
<li>Acabamento resistente</li>
<li>Fácil de usar</li>
<li>Ótimo custo-benefício</li>
</ul>","Poedagar","Eletrônicos","Eletrônicos","Eletrônicos, Masculino","TRUE","Title","Default Title","","","18282828282822","300","shopify","69","deny","manual","179.90","","TRUE","TRUE","","1","Relógio Poedagar","FALSE","Relógio Poedagar | Deroche Mantos","Compre Relógio Poedagar na Deroche Mantos. Qualidade garantida, pronta entrega. Pix com desconto e parcelamento em até 12x.","Eletrônicos","active"
"relogio-smart-deroche","Relógio Smart Deroche","<h2>Relógio Smart Deroche</h2>
<p>Relógio Smart Deroche, produto eletrônico com boa autonomia e acabamento resistente para uso diário.</p>
<h3>Diferenciais</h3>
<ul>
<li>Boa autonomia</li>
<li>Acabamento resistente</li>
<li>Fácil de usar</li>
<li>Ótimo custo-benefício</li>
</ul>","Deroche","Eletrônicos","Eletrônicos","Eletrônicos, Masculino","TRUE","Title","Default Title","","","101010110101019291","300","shopify","1","deny","manual","199.90","","TRUE","TRUE","","1","Relógio Smart Deroche","FALSE","Relógio Smart Deroche | Deroche Mantos","Compre Relógio Smart Deroche na Deroche Mantos. Qualidade garantida, pronta entrega. Pix com desconto e parcelamento em até 12x.","Eletrônicos","active"
"relogio-smartwatch-deroche-c-10-pulseiras","Relógio Smartwatch Deroche C/ 10 pulseiras","<h2>Relógio Smartwatch Deroche C/ 10 pulseiras</h2>
<p>Relógio Smartwatch Deroche C/ 10 pulseiras, produto eletrônico com boa autonomia e acabamento resistente para uso diário.</p>
<h3>Diferenciais</h3>
<ul>
<li>Boa autonomia</li>
<li>Acabamento resistente</li>
<li>Fácil de usar</li>
<li>Ótimo custo-benefício</li>
</ul>","Deroche","Eletrônicos","Eletrônicos","Eletrônicos, Masculino","TRUE","Title","Default Title","","","29282822","300","shopify","1","deny","manual","149.90","","TRUE","TRUE","","1","Relógio Smartwatch Deroche C/ 10 pulseiras","FALSE","Relógio Smartwatch Deroche C/ 10 pulseiras | Deroche Mantos","Compre Relógio Smartwatch Deroche C/ 10 pulseiras na Deroche Mantos. Qualidade garantida, pronta entrega. Pix com desconto e parcelamento em até 12x.","Eletrônicos","active"
"santos-branca-2025-26","Santos Branca 2025/26","<h2>Santos Branca 2025/26</h2>
<p>Camisa inspirada no uniforme do Santos temporada 2025/26. Confeccionada em tecido Dry Fit Premium, com excelente acabamento. Ideal para torcedores e colecionadores.</p>
<h3>Diferenciais</h3>
<ul>
<li>Tecido Dry Fit Premium</li>
<li>Costura reforçada</li>
<li>Escudo bordado</li>
<li>Alta respirabilidade</li>
<li>Excelente acabamento</li>
</ul>","Deroche","Vestuário e acessórios > Roupas > Camisas e blusas","Camisas Futebol","Santos, Camisa Santos, 2025/26, Camisas Futebol, Branca, Masculino, Futebol, Brasileirão","TRUE","Tamanho","P","","","28281822828-P","200","shopify","1","deny","manual","149.90","","TRUE","TRUE","","1","Santos Branca 2025/26","FALSE","Santos Branca 2025/26 | Deroche Mantos","Compre Santos Branca 2025/26 na Deroche Mantos. Tecido premium, pronta entrega. Pix com desconto e parcelamento em até 12x.","Vestuário e acessórios > Roupas > Camisas e blusas","active"
"santos-branca-2025-26","","","","","","","","Tamanho","G","","","28281822828-G","200","shopify","1","deny","manual","149.90","","TRUE","TRUE","","","","","","","",""
"santos-branca-2025-26","","","","","","","","Tamanho","GG","","","28281822828-GG","200","shopify","1","deny","manual","149.90","","TRUE","TRUE","","","","","","","",""
"short-academia","Short Academia","<h2>Short Academia</h2>
<p>Short Academia, acessório de treino para melhorar performance e proteção durante os exercícios.</p>
<h3>Diferenciais</h3>
<ul>
<li>Material resistente</li>
<li>Ajuste confortável</li>
<li>Ideal para treinos</li>
<li>Proteção articular</li>
</ul>","Deroche","Esportes e ar livre > Equipamentos esportivos > Equipamentos de fitness","Academia","Academia, Masculino","TRUE","Tamanho","P","","","19282828328-P","100","shopify","1","deny","manual","99.90","","TRUE","TRUE","","1","Short Academia","FALSE","Short Academia | Deroche Mantos","Compre Short Academia na Deroche Mantos. Qualidade garantida, pronta entrega. Pix com desconto e parcelamento em até 12x.","Esportes e ar livre > Equipamentos esportivos > Equipamentos de fitness","active"
"short-academia","","","","","","","","Tamanho","M","","","19282828328-M","100","shopify","1","deny","manual","99.90","","TRUE","TRUE","","","","","","","",""
"short-academia","","","","","","","","Tamanho","G","","","19282828328-G","100","shopify","2","deny","manual","99.90","","TRUE","TRUE","","","","","","","",""
"short-academia","","","","","","","","Tamanho","GG","","","19282828328-GG","100","shopify","1","deny","manual","99.90","","TRUE","TRUE","","","","","","","",""
"shorts-linho-creme","Shorts Linho Creme","<h2>Shorts Linho Creme</h2>
<p>Peça streetwear shorts linho creme, com caimento moderno e tecido confortável para o dia a dia urbano.</p>
<h3>Diferenciais</h3>
<ul>
<li>Tecido de alta qualidade</li>
<li>Caimento moderno</li>
<li>Conforto para uso diário</li>
<li>Estilo streetwear autêntico</li>
</ul>","Deroche","Vestuário e acessórios > Roupas","Streetwear","Streetwear, Creme, Masculino","TRUE","Tamanho","M","","","283828283-M","220","shopify","2","deny","manual","119.90","","TRUE","TRUE","","1","Shorts Linho Creme","FALSE","Shorts Linho Creme | Deroche Mantos","Compre Shorts Linho Creme na Deroche Mantos. Qualidade garantida, pronta entrega. Pix com desconto e parcelamento em até 12x.","Vestuário e acessórios > Roupas","active"
"shorts-linho-creme","","","","","","","","Tamanho","G","","","283828283-G","220","shopify","2","deny","manual","119.90","","TRUE","TRUE","","","","","","","",""
"shorts-linho-creme","","","","","","","","Tamanho","GG","","","283828283-GG","220","shopify","3","deny","manual","119.90","","TRUE","TRUE","","","","","","","",""
"shorts-linho-preto","Shorts Linho Preto","<h2>Shorts Linho Preto</h2>
<p>Peça streetwear shorts linho preto, com caimento moderno e tecido confortável para o dia a dia urbano.</p>
<h3>Diferenciais</h3>
<ul>
<li>Tecido de alta qualidade</li>
<li>Caimento moderno</li>
<li>Conforto para uso diário</li>
<li>Estilo streetwear autêntico</li>
</ul>","Deroche","Vestuário e acessórios > Roupas","Streetwear","Streetwear, Preto, Masculino","TRUE","Tamanho","M","","","2828282821-M","220","shopify","3","deny","manual","119.90","","TRUE","TRUE","","1","Shorts Linho Preto","FALSE","Shorts Linho Preto | Deroche Mantos","Compre Shorts Linho Preto na Deroche Mantos. Qualidade garantida, pronta entrega. Pix com desconto e parcelamento em até 12x.","Vestuário e acessórios > Roupas","active"
"shorts-linho-preto","","","","","","","","Tamanho","G","","","2828282821-G","220","shopify","3","deny","manual","119.90","","TRUE","TRUE","","","","","","","",""
"shorts-linho-preto","","","","","","","","Tamanho","GG","","","2828282821-GG","220","shopify","3","deny","manual","119.90","","TRUE","TRUE","","","","","","","",""
"sport-branca-2024","Sport Branca 2024","<h2>Sport Branca 2024</h2>
<p>Camisa inspirada no uniforme do Sport temporada 2024. Confeccionada em tecido Dry Fit Premium, com excelente acabamento. Ideal para torcedores e colecionadores.</p>
<h3>Diferenciais</h3>
<ul>
<li>Tecido Dry Fit Premium</li>
<li>Costura reforçada</li>
<li>Escudo bordado</li>
<li>Alta respirabilidade</li>
<li>Excelente acabamento</li>
</ul>","Deroche","Vestuário e acessórios > Roupas > Camisas e blusas","Camisas Futebol","Sport, Camisa Sport, 2024, Camisas Futebol, Branca, Masculino, Futebol, Brasileirão","TRUE","Tamanho","M","","","29193928-M","200","shopify","1","deny","manual","129.90","","TRUE","TRUE","","1","Sport Branca 2024","FALSE","Sport Branca 2024 | Deroche Mantos","Compre Sport Branca 2024 na Deroche Mantos. Tecido premium, pronta entrega. Pix com desconto e parcelamento em até 12x.","Vestuário e acessórios > Roupas > Camisas e blusas","active"
"sport-recife-vermelha-2024","Sport Recife Vermelha 2024","<h2>Sport Recife Vermelha 2024</h2>
<p>Camisa inspirada no uniforme do Sport Recife temporada 2024. Confeccionada em tecido Dry Fit Premium, com excelente acabamento. Ideal para torcedores e colecionadores.</p>
<h3>Diferenciais</h3>
<ul>
<li>Tecido Dry Fit Premium</li>
<li>Costura reforçada</li>
<li>Escudo bordado</li>
<li>Alta respirabilidade</li>
<li>Excelente acabamento</li>
</ul>","Deroche","Vestuário e acessórios > Roupas > Camisas e blusas","Camisas Futebol","Sport Recife, Camisa Sport Recife, 2024, Camisas Futebol, Vermelha, Masculino, Futebol, Brasileirão","TRUE","Tamanho","G","","","293919282-G","200","shopify","1","deny","manual","129.90","","TRUE","TRUE","","1","Sport Recife Vermelha 2024","FALSE","Sport Recife Vermelha 2024 | Deroche Mantos","Compre Sport Recife Vermelha 2024 na Deroche Mantos. Tecido premium, pronta entrega. Pix com desconto e parcelamento em até 12x.","Vestuário e acessórios > Roupas > Camisas e blusas","active"
"sport-vermelha-preta-2022","Sport Vermelha/Preta 2022","<h2>Sport Vermelha/Preta 2022</h2>
<p>Camisa inspirada no uniforme do Sport temporada 2022. Confeccionada em tecido Dry Fit Premium, com excelente acabamento. Ideal para torcedores e colecionadores.</p>
<h3>Diferenciais</h3>
<ul>
<li>Tecido Dry Fit Premium</li>
<li>Costura reforçada</li>
<li>Escudo bordado</li>
<li>Alta respirabilidade</li>
<li>Excelente acabamento</li>
</ul>","Deroche","Vestuário e acessórios > Roupas > Camisas e blusas","Camisas Futebol","Sport, Camisa Sport, 2022, Camisas Futebol, Preta, Masculino, Futebol, Brasileirão","TRUE","Tamanho","P","","","192837272-P","200","shopify","2","deny","manual","129.90","","TRUE","TRUE","","1","Sport Vermelha/Preta 2022","FALSE","Sport Vermelha/Preta 2022 | Deroche Mantos","Compre Sport Vermelha/Preta 2022 na Deroche Mantos. Tecido premium, pronta entrega. Pix com desconto e parcelamento em até 12x.","Vestuário e acessórios > Roupas > Camisas e blusas","active"
"sport-vermelha-preta-2022","","","","","","","","Tamanho","G","","","192837272-G","200","shopify","1","deny","manual","129.90","","TRUE","TRUE","","","","","","","",""
"sao-paulo-branca-2025","São Paulo Branca 2025","<h2>São Paulo Branca 2025</h2>
<p>Camisa inspirada no uniforme do São Paulo temporada 2025. Confeccionada em tecido Dry Fit Premium, com excelente acabamento. Ideal para torcedores e colecionadores.</p>
<h3>Diferenciais</h3>
<ul>
<li>Tecido Dry Fit Premium</li>
<li>Costura reforçada</li>
<li>Escudo bordado</li>
<li>Alta respirabilidade</li>
<li>Excelente acabamento</li>
</ul>","Deroche","Vestuário e acessórios > Roupas > Camisas e blusas","Camisas Futebol","São Paulo, Camisa São Paulo, 2025, Camisas Futebol, Branca, Masculino, Futebol, Brasileirão","TRUE","Tamanho","G","","","1838182838282-G","200","shopify","1","deny","manual","149.90","","TRUE","TRUE","","1","São Paulo Branca 2025","FALSE","São Paulo Branca 2025 | Deroche Mantos","Compre São Paulo Branca 2025 na Deroche Mantos. Tecido premium, pronta entrega. Pix com desconto e parcelamento em até 12x.","Vestuário e acessórios > Roupas > Camisas e blusas","active"
"sao-paulo-goleiro-2025","São Paulo Goleiro 2025","<h2>São Paulo Goleiro 2025</h2>
<p>Camisa inspirada no uniforme do São Paulo temporada 2025. Confeccionada em tecido Dry Fit Premium, com excelente acabamento. Ideal para torcedores e colecionadores.</p>
<h3>Diferenciais</h3>
<ul>
<li>Tecido Dry Fit Premium</li>
<li>Costura reforçada</li>
<li>Escudo bordado</li>
<li>Alta respirabilidade</li>
<li>Excelente acabamento</li>
</ul>","Deroche","Vestuário e acessórios > Roupas > Camisas e blusas","Camisas Futebol","São Paulo, Camisa São Paulo, 2025, Camisas Futebol, Masculino, Futebol, Brasileirão","TRUE","Tamanho","P","","","283828281-P","200","shopify","2","deny","manual","134.90","","TRUE","TRUE","","1","São Paulo Goleiro 2025","FALSE","São Paulo Goleiro 2025 | Deroche Mantos","Compre São Paulo Goleiro 2025 na Deroche Mantos. Tecido premium, pronta entrega. Pix com desconto e parcelamento em até 12x.","Vestuário e acessórios > Roupas > Camisas e blusas","active"
"sao-paulo-tricolor-2025","São Paulo Tricolor 2025","<h2>São Paulo Tricolor 2025</h2>
<p>Camisa inspirada no uniforme do São Paulo temporada 2025. Confeccionada em tecido Dry Fit Premium, com excelente acabamento. Ideal para torcedores e colecionadores.</p>
<h3>Diferenciais</h3>
<ul>
<li>Tecido Dry Fit Premium</li>
<li>Costura reforçada</li>
<li>Escudo bordado</li>
<li>Alta respirabilidade</li>
<li>Excelente acabamento</li>
</ul>","Deroche","Vestuário e acessórios > Roupas > Camisas e blusas","Camisas Futebol","São Paulo, Camisa São Paulo, 2025, Camisas Futebol, Tricolor, Masculino, Futebol, Brasileirão","TRUE","Tamanho","G","","","192929191911111-G","200","shopify","1","deny","manual","149.90","","TRUE","TRUE","","1","São Paulo Tricolor 2025","FALSE","São Paulo Tricolor 2025 | Deroche Mantos","Compre São Paulo Tricolor 2025 na Deroche Mantos. Tecido premium, pronta entrega. Pix com desconto e parcelamento em até 12x.","Vestuário e acessórios > Roupas > Camisas e blusas","active"
"taca-copa-do-mundo-36cm","Taça Copa do Mundo 36cm","<h2>Taça Copa do Mundo 36cm</h2>
<p>Taça Copa do Mundo 36cm, produto de qualidade Deroche Mantos, pronto para uso diário.</p>
<h3>Diferenciais</h3>
<ul>
<li>Alta qualidade</li>
<li>Bom custo-benefício</li>
<li>Pronta entrega</li>
</ul>","Deroche","Vestuário e acessórios > Acessórios de vestuário","Acessórios","Acessórios, Masculino","TRUE","Title","Default Title","","","1939193821","150","shopify","1","deny","manual","380.00","","TRUE","TRUE","","1","Taça Copa do Mundo 36cm","FALSE","Taça Copa do Mundo 36cm | Deroche Mantos","Compre Taça Copa do Mundo 36cm na Deroche Mantos. Qualidade garantida, pronta entrega. Pix com desconto e parcelamento em até 12x.","Vestuário e acessórios > Acessórios de vestuário","active"
"tornozeleira-compressora-p-esportes","Tornozeleira Compressora p/ Esportes","<h2>Tornozeleira Compressora p/ Esportes</h2>
<p>Tornozeleira Compressora p/ Esportes, acessório de treino para melhorar performance e proteção durante os exercícios.</p>
<h3>Diferenciais</h3>
<ul>
<li>Material resistente</li>
<li>Ajuste confortável</li>
<li>Ideal para treinos</li>
<li>Proteção articular</li>
</ul>","Deroche","Esportes e ar livre > Equipamentos esportivos > Equipamentos de fitness","Academia","Academia, Masculino","TRUE","Title","Default Title","","","2928282822","100","shopify","7","deny","manual","49.90","","TRUE","TRUE","","1","Tornozeleira Compressora p/ Esportes","FALSE","Tornozeleira Compressora p/ Esportes | Deroche Mantos","Compre Tornozeleira Compressora p/ Esportes na Deroche Mantos. Qualidade garantida, pronta entrega. Pix com desconto e parcelamento em até 12x.","Esportes e ar livre > Equipamentos esportivos > Equipamentos de fitness","active"
"tenis-adidas-samba-branco","Tênis Adidas Samba Branco","<h2>Tênis Adidas Samba Branco</h2>
<p>Tênis Adidas Samba Branco, conforto e estilo para o dia a dia, com solado resistente e acabamento premium.</p>
<h3>Diferenciais</h3>
<ul>
<li>Solado resistente</li>
<li>Conforto no uso diário</li>
<li>Acabamento premium</li>
<li>Design atual</li>
</ul>","Adidas","Vestuário e acessórios > Calçados","Calçados","Calçados, Branco, Masculino","TRUE","Tamanho","37","","","193828182-37","900","shopify","1","deny","manual","249.90","","TRUE","TRUE","","1","Tênis Adidas Samba Branco","FALSE","Tênis Adidas Samba Branco | Deroche Mantos","Compre Tênis Adidas Samba Branco na Deroche Mantos. Qualidade garantida, pronta entrega. Pix com desconto e parcelamento em até 12x.","Vestuário e acessórios > Calçados","active"
"tenis-air-force-1-jeans-glitter","Tênis Air Force 1 Jeans Glitter","<h2>Tênis Air Force 1 Jeans Glitter</h2>
<p>Tênis Air Force 1 Jeans Glitter, conforto e estilo para o dia a dia, com solado resistente e acabamento premium.</p>
<h3>Diferenciais</h3>
<ul>
<li>Solado resistente</li>
<li>Conforto no uso diário</li>
<li>Acabamento premium</li>
<li>Design atual</li>
</ul>","Deroche","Vestuário e acessórios > Calçados","Calçados","Calçados, Jeans, Masculino","TRUE","Tamanho","35","","","19381828181-35","900","shopify","1","deny","manual","397.00","","TRUE","TRUE","","1","Tênis Air Force 1 Jeans Glitter","FALSE","Tênis Air Force 1 Jeans Glitter | Deroche Mantos","Compre Tênis Air Force 1 Jeans Glitter na Deroche Mantos. Qualidade garantida, pronta entrega. Pix com desconto e parcelamento em até 12x.","Vestuário e acessórios > Calçados","active"
"tenis-crocs-mate","Tênis Crocs Mate","<h2>Tênis Crocs Mate</h2>
<p>Tênis Crocs Mate, conforto e estilo para o dia a dia, com solado resistente e acabamento premium.</p>
<h3>Diferenciais</h3>
<ul>
<li>Solado resistente</li>
<li>Conforto no uso diário</li>
<li>Acabamento premium</li>
<li>Design atual</li>
</ul>","Crocs","Vestuário e acessórios > Calçados","Calçados","Calçados, Mate, Masculino","TRUE","Tamanho","35","","","19191919191-35","900","shopify","1","deny","manual","249.90","","TRUE","TRUE","","1","Tênis Crocs Mate","FALSE","Tênis Crocs Mate | Deroche Mantos","Compre Tênis Crocs Mate na Deroche Mantos. Qualidade garantida, pronta entrega. Pix com desconto e parcelamento em até 12x.","Vestuário e acessórios > Calçados","active"
"tenis-crocs-mate","","","","","","","","Tamanho","37","","","19191919191-37","900","shopify","1","deny","manual","249.90","","TRUE","TRUE","","","","","","","",""
"tenis-crocs-mate","","","","","","","","Tamanho","39","","","19191919191-39","900","shopify","1","deny","manual","249.90","","TRUE","TRUE","","","","","","","",""
"tenis-crocs-mate","","","","","","","","Tamanho","45","","","19191919191-45","900","shopify","1","deny","manual","249.90","","TRUE","TRUE","","","","","","","",""
"tenis-crocs-mcqueen","Tênis Crocs McQueen","<h2>Tênis Crocs McQueen</h2>
<p>Tênis Crocs McQueen, conforto e estilo para o dia a dia, com solado resistente e acabamento premium.</p>
<h3>Diferenciais</h3>
<ul>
<li>Solado resistente</li>
<li>Conforto no uso diário</li>
<li>Acabamento premium</li>
<li>Design atual</li>
</ul>","Crocs","Vestuário e acessórios > Calçados","Calçados","Calçados, Masculino","TRUE","Tamanho","39","","","357853358-39","900","shopify","1","deny","manual","250.00","","TRUE","TRUE","","1","Tênis Crocs McQueen","FALSE","Tênis Crocs McQueen | Deroche Mantos","Compre Tênis Crocs McQueen na Deroche Mantos. Qualidade garantida, pronta entrega. Pix com desconto e parcelamento em até 12x.","Vestuário e acessórios > Calçados","active"
"tenis-crocs-mcqueen","","","","","","","","Tamanho","40","","","357853358-40","900","shopify","3","deny","manual","250.00","","TRUE","TRUE","","","","","","","",""
"tenis-crocs-mcqueen","","","","","","","","Tamanho","41","","","357853358-41","900","shopify","1","deny","manual","250.00","","TRUE","TRUE","","","","","","","",""
"tenis-nike-dunk-prata","Tênis Nike Dunk Prata","<h2>Tênis Nike Dunk Prata</h2>
<p>Tênis Nike Dunk Prata, conforto e estilo para o dia a dia, com solado resistente e acabamento premium.</p>
<h3>Diferenciais</h3>
<ul>
<li>Solado resistente</li>
<li>Conforto no uso diário</li>
<li>Acabamento premium</li>
<li>Design atual</li>
</ul>","Nike","Vestuário e acessórios > Calçados","Calçados","Calçados, Prata, Masculino","TRUE","Tamanho","37","","","192929382-37","900","shopify","1","deny","manual","399.90","","TRUE","TRUE","","1","Tênis Nike Dunk Prata","FALSE","Tênis Nike Dunk Prata | Deroche Mantos","Compre Tênis Nike Dunk Prata na Deroche Mantos. Qualidade garantida, pronta entrega. Pix com desconto e parcelamento em até 12x.","Vestuário e acessórios > Calçados","active"
"tenis-vans-knu-preto","Tênis Vans Knu Preto","<h2>Tênis Vans Knu Preto</h2>
<p>Tênis Vans Knu Preto, conforto e estilo para o dia a dia, com solado resistente e acabamento premium.</p>
<h3>Diferenciais</h3>
<ul>
<li>Solado resistente</li>
<li>Conforto no uso diário</li>
<li>Acabamento premium</li>
<li>Design atual</li>
</ul>","Vans","Vestuário e acessórios > Calçados","Calçados","Calçados, Preto, Masculino","TRUE","Tamanho","35","","","2828282822817171-35","900","shopify","1","deny","manual","299.90","","TRUE","TRUE","","1","Tênis Vans Knu Preto","FALSE","Tênis Vans Knu Preto | Deroche Mantos","Compre Tênis Vans Knu Preto na Deroche Mantos. Qualidade garantida, pronta entrega. Pix com desconto e parcelamento em até 12x.","Vestuário e acessórios > Calçados","active"
"vasco-preta-2026","Vasco Preta 2026","<h2>Vasco Preta 2026</h2>
<p>Camisa inspirada no uniforme do Vasco temporada 2026. Confeccionada em tecido Dry Fit Premium, com excelente acabamento. Ideal para torcedores e colecionadores.</p>
<h3>Diferenciais</h3>
<ul>
<li>Tecido Dry Fit Premium</li>
<li>Costura reforçada</li>
<li>Escudo bordado</li>
<li>Alta respirabilidade</li>
<li>Excelente acabamento</li>
</ul>","Deroche","Vestuário e acessórios > Roupas > Camisas e blusas","Camisas Futebol","Vasco, Camisa Vasco, 2026, Camisas Futebol, Preta, Masculino, Futebol, Brasileirão","TRUE","Tamanho","P","","","19299229382828-P","200","shopify","5","deny","manual","160.00","","TRUE","TRUE","","1","Vasco Preta 2026","FALSE","Vasco Preta 2026 | Deroche Mantos","Compre Vasco Preta 2026 na Deroche Mantos. Tecido premium, pronta entrega. Pix com desconto e parcelamento em até 12x.","Vestuário e acessórios > Roupas > Camisas e blusas","active"
"vasco-preta-2026","","","","","","","","Tamanho","M","","","19299229382828-M","200","shopify","4","deny","manual","160.00","","TRUE","TRUE","","","","","","","",""
"vasco-preta-2026","","","","","","","","Tamanho","G","","","19299229382828-G","200","shopify","3","deny","manual","160.00","","TRUE","TRUE","","","","","","","",""
"oculos-casual","Óculos Casual","<h2>Óculos Casual</h2>
<p>Óculos Casual com proteção UV400, lentes de alta definição e armação resistente para uso esportivo ou casual.</p>
<h3>Diferenciais</h3>
<ul>
<li>Proteção UV400</li>
<li>Lentes de alta definição</li>
<li>Armação resistente</li>
<li>Design esportivo</li>
</ul>","Deroche","Vestuário e acessórios > Acessórios de vestuário > Óculos de sol","Óculos","Óculos, Masculino","TRUE","Title","Default Title","","","18281828328","150","shopify","1","deny","manual","99.90","","TRUE","TRUE","","1","Óculos Casual","FALSE","Óculos Casual | Deroche Mantos","Compre Óculos Casual na Deroche Mantos. Qualidade garantida, pronta entrega. Pix com desconto e parcelamento em até 12x.","Vestuário e acessórios > Acessórios de vestuário > Óculos de sol","active"
"oculos-casual-feminino","Óculos Casual Feminino","<h2>Óculos Casual Feminino</h2>
<p>Óculos Casual Feminino com proteção UV400, lentes de alta definição e armação resistente para uso esportivo ou casual.</p>
<h3>Diferenciais</h3>
<ul>
<li>Proteção UV400</li>
<li>Lentes de alta definição</li>
<li>Armação resistente</li>
<li>Design esportivo</li>
</ul>","Deroche","Vestuário e acessórios > Acessórios de vestuário > Óculos de sol","Óculos","Óculos, Feminino","TRUE","Title","Default Title","","","28281828282","150","shopify","9","deny","manual","59.90","","TRUE","TRUE","","1","Óculos Casual Feminino","FALSE","Óculos Casual Feminino | Deroche Mantos","Compre Óculos Casual Feminino na Deroche Mantos. Qualidade garantida, pronta entrega. Pix com desconto e parcelamento em até 12x.","Vestuário e acessórios > Acessórios de vestuário > Óculos de sol","active"
