Handle,Title,Body (HTML),Vendor,Type,Tags,Published,Option1 Name,Option1 Value,Variant SKU,Variant Grams,Variant Inventory Tracker,Variant Inventory Qty,Variant Inventory Policy,Variant Fulfillment Service,Variant Price,Variant Compare At Price,Variant Requires Shipping,Variant Taxable,Image Src,Image Position,Image Alt Text,Gift Card,SEO Title,SEO Description,Variant Weight Unit,Status
airbrush-cap,Airbrush Cap,<p>Válvulas e caps intercambiáveis pra controlar espessura e alcance do jato — do fat cap ao skinny.</p><ul><li>Categoria: Caps</li></ul>,Dona Bomba,Caps,Caps,TRUE,Cor,Padrão,airbrush-cap,,shopify,10,deny,manual,4.00,,TRUE,TRUE,https://public-delta-lyart-86.vercel.app/img/produtos/airbrush-cap.jpg,1,Airbrush Cap,FALSE,Airbrush Cap | Dona Bomba,Válvulas e caps intercambiáveis pra controlar espessura e alcance do jato — do fat cap ao skinny.,kg,active
astro-fatcap,Astro Fatcap,<p>Válvulas e caps intercambiáveis pra controlar espessura e alcance do jato — do fat cap ao skinny.</p><ul><li>Categoria: Caps</li></ul>,Dona Bomba,Caps,Caps,TRUE,Cor,Padrão,astro-fatcap,,shopify,10,deny,manual,4.00,,TRUE,TRUE,https://public-delta-lyart-86.vercel.app/img/produtos/astro-fatcap.jpg,1,Astro Fatcap,FALSE,Astro Fatcap | Dona Bomba,Válvulas e caps intercambiáveis pra controlar espessura e alcance do jato — do fat cap ao skinny.,kg,active
big-dripper-hubik,BIG DRIPPER HUBIK®,"<p>Marcadores de ponta grossa e fina pra escrita, contorno e preenchimento em qualquer superfície.</p><ul><li>Categoria: Marcadores</li></ul>",Hubik,Marcadores,Marcadores,TRUE,Cor,Padrão,big-dripper-hubik,,shopify,10,deny,manual,32.00,,TRUE,TRUE,https://public-delta-lyart-86.vercel.app/img/produtos/big-dripper-hubik.jpg,1,BIG DRIPPER HUBIK®,FALSE,BIG DRIPPER HUBIK® | Dona Bomba,"Marcadores de ponta grossa e fina pra escrita, contorno e preenchimento em qualquer superfície.",kg,active
borrifador-de-compressao-guarany-1-25l,"Borrifador de Compressão Guarany 1,25L","<p>Luvas, máscaras e itens de proteção e apoio pra quem pinta na rua ou no estúdio.</p><ul><li>Categoria: Acessórios</li></ul>",Guarany,Acessórios,Acessórios,TRUE,Cor,Padrão,borrifador-de-compressao-guarany-1-25l,,shopify,10,deny,manual,85.00,,TRUE,TRUE,https://public-delta-lyart-86.vercel.app/img/produtos/borrifador-de-compressao-guarany-1-25l.jpg,1,"Borrifador de Compressão Guarany 1,25L",FALSE,"Borrifador de Compressão Guarany 1,25L | Dona Bomba","Luvas, máscaras e itens de proteção e apoio pra quem pinta na rua ou no estúdio.",kg,active
caneta-color-marker-base-oleo-acrilex,Caneta Color  Marker (Base Óleo) - Acrilex,"<p>Marcadores de ponta grossa e fina pra escrita, contorno e preenchimento em qualquer superfície.</p><ul><li>Categoria: Marcadores</li></ul>",Acrilex,Marcadores,Marcadores,TRUE,Cor,Padrão,caneta-color-marker-base-oleo-acrilex,,shopify,10,deny,manual,15.90,,TRUE,TRUE,https://public-delta-lyart-86.vercel.app/img/produtos/caneta-color-marker-base-oleo-acrilex.jpg,1,Caneta Color  Marker (Base Óleo) - Acrilex,FALSE,Caneta Color  Marker (Base Óleo) - Acrilex | Dona Bomba,"Marcadores de ponta grossa e fina pra escrita, contorno e preenchimento em qualquer superfície.",kg,active
caneta-marcador-acrilica-posca-pc-17k,Caneta Marcador Acrílica Posca PC 17K,"<p>Marcadores de ponta grossa e fina pra escrita, contorno e preenchimento em qualquer superfície.</p><ul><li>Categoria: Canetas</li></ul>",Posca,Canetas,Canetas,TRUE,Cor,Padrão,caneta-marcador-acrilica-posca-pc-17k,,shopify,10,deny,manual,79.00,,TRUE,TRUE,https://public-delta-lyart-86.vercel.app/img/produtos/caneta-marcador-acrilica-posca-pc-17k.jpg,1,Caneta Marcador Acrílica Posca PC 17K,FALSE,Caneta Marcador Acrílica Posca PC 17K | Dona Bomba,"Marcadores de ponta grossa e fina pra escrita, contorno e preenchimento em qualquer superfície.",kg,active
caneta-marcador-acrilica-posca-pc-1m,Caneta Marcador Acrílica Posca PC 1M,"<p>Marcadores de ponta grossa e fina pra escrita, contorno e preenchimento em qualquer superfície.</p><ul><li>Categoria: Canetas</li></ul>",Posca,Canetas,Canetas,TRUE,Cor,Padrão,caneta-marcador-acrilica-posca-pc-1m,,shopify,10,deny,manual,29.00,,TRUE,TRUE,https://public-delta-lyart-86.vercel.app/img/produtos/caneta-marcador-acrilica-posca-pc-1m.jpg,1,Caneta Marcador Acrílica Posca PC 1M,FALSE,Caneta Marcador Acrílica Posca PC 1M | Dona Bomba,"Marcadores de ponta grossa e fina pra escrita, contorno e preenchimento em qualquer superfície.",kg,active
caneta-marcador-acrilica-posca-pc-3m,Caneta Marcador Acrílica Posca PC 3M,"<p>Marcadores de ponta grossa e fina pra escrita, contorno e preenchimento em qualquer superfície.</p><ul><li>Categoria: Canetas</li></ul>",Posca,Canetas,Canetas,TRUE,Cor,Padrão,caneta-marcador-acrilica-posca-pc-3m,,shopify,10,deny,manual,29.00,,TRUE,TRUE,https://public-delta-lyart-86.vercel.app/img/produtos/caneta-marcador-acrilica-posca-pc-3m.jpg,1,Caneta Marcador Acrílica Posca PC 3M,FALSE,Caneta Marcador Acrílica Posca PC 3M | Dona Bomba,"Marcadores de ponta grossa e fina pra escrita, contorno e preenchimento em qualquer superfície.",kg,active
caneta-marcador-acrilica-posca-pc-5m,Caneta Marcador Acrílica Posca PC 5M,"<p>Marcadores de ponta grossa e fina pra escrita, contorno e preenchimento em qualquer superfície.</p><ul><li>Categoria: Canetas</li></ul>",Posca,Canetas,Canetas,TRUE,Cor,Padrão,caneta-marcador-acrilica-posca-pc-5m,,shopify,10,deny,manual,29.00,,TRUE,TRUE,https://public-delta-lyart-86.vercel.app/img/produtos/caneta-marcador-acrilica-posca-pc-5m.jpg,1,Caneta Marcador Acrílica Posca PC 5M,FALSE,Caneta Marcador Acrílica Posca PC 5M | Dona Bomba,"Marcadores de ponta grossa e fina pra escrita, contorno e preenchimento em qualquer superfície.",kg,active
caneta-marcador-acrilica-posca-pc-7m,Caneta Marcador Acrílica Posca PC 7M,"<p>Marcadores de ponta grossa e fina pra escrita, contorno e preenchimento em qualquer superfície.</p><ul><li>Categoria: Canetas</li></ul>",Posca,Canetas,Canetas,TRUE,Cor,Padrão,caneta-marcador-acrilica-posca-pc-7m,,shopify,10,deny,manual,42.90,,TRUE,TRUE,https://public-delta-lyart-86.vercel.app/img/produtos/caneta-marcador-acrilica-posca-pc-7m.jpg,1,Caneta Marcador Acrílica Posca PC 7M,FALSE,Caneta Marcador Acrílica Posca PC 7M | Dona Bomba,"Marcadores de ponta grossa e fina pra escrita, contorno e preenchimento em qualquer superfície.",kg,active
caneta-marcador-acrilica-posca-pc-8k,Caneta Marcador Acrílica Posca PC 8K,"<p>Marcadores de ponta grossa e fina pra escrita, contorno e preenchimento em qualquer superfície.</p><ul><li>Categoria: Canetas</li></ul>",Posca,Canetas,Canetas,TRUE,Cor,Padrão,caneta-marcador-acrilica-posca-pc-8k,,shopify,10,deny,manual,39.00,,TRUE,TRUE,https://public-delta-lyart-86.vercel.app/img/produtos/caneta-marcador-acrilica-posca-pc-8k.jpg,1,Caneta Marcador Acrílica Posca PC 8K,FALSE,Caneta Marcador Acrílica Posca PC 8K | Dona Bomba,"Marcadores de ponta grossa e fina pra escrita, contorno e preenchimento em qualquer superfície.",kg,active
caneta-marcador-permanente-uni-paint-marker-px-20,Caneta Marcador Permanente Uni Paint Marker PX-20,"<p>Marcadores de ponta grossa e fina pra escrita, contorno e preenchimento em qualquer superfície.</p><ul><li>Categoria: Canetas</li></ul>",Uni,Canetas,Canetas,TRUE,Cor,Padrão,caneta-marcador-permanente-uni-paint-marker-px-20,,shopify,10,deny,manual,32.90,,TRUE,TRUE,https://public-delta-lyart-86.vercel.app/img/produtos/caneta-marcador-permanente-uni-paint-marker-px-20.jpg,1,Caneta Marcador Permanente Uni Paint Marker PX-20,FALSE,Caneta Marcador Permanente Uni Paint Marker PX-20 | Dona Bomba,"Marcadores de ponta grossa e fina pra escrita, contorno e preenchimento em qualquer superfície.",kg,active
caneta-marcador-permanente-uni-paint-marker-px-21,Caneta Marcador Permanente Uni Paint Marker PX-21,"<p>Marcadores de ponta grossa e fina pra escrita, contorno e preenchimento em qualquer superfície.</p><ul><li>Categoria: Canetas</li></ul>",Uni,Canetas,Canetas,TRUE,Cor,Padrão,caneta-marcador-permanente-uni-paint-marker-px-21,,shopify,10,deny,manual,27.90,,TRUE,TRUE,https://public-delta-lyart-86.vercel.app/img/produtos/caneta-marcador-permanente-uni-paint-marker-px-21.jpg,1,Caneta Marcador Permanente Uni Paint Marker PX-21,FALSE,Caneta Marcador Permanente Uni Paint Marker PX-21 | Dona Bomba,"Marcadores de ponta grossa e fina pra escrita, contorno e preenchimento em qualquer superfície.",kg,active
caneta-marcador-permanente-uni-paint-marker-px-30,Caneta Marcador Permanente Uni Paint Marker PX-30,"<p>Marcadores de ponta grossa e fina pra escrita, contorno e preenchimento em qualquer superfície.</p><ul><li>Categoria: Canetas</li></ul>",Uni,Canetas,Canetas,TRUE,Cor,Padrão,caneta-marcador-permanente-uni-paint-marker-px-30,,shopify,10,deny,manual,54.90,,TRUE,TRUE,https://public-delta-lyart-86.vercel.app/img/produtos/caneta-marcador-permanente-uni-paint-marker-px-30.jpg,1,Caneta Marcador Permanente Uni Paint Marker PX-30,FALSE,Caneta Marcador Permanente Uni Paint Marker PX-30 | Dona Bomba,"Marcadores de ponta grossa e fina pra escrita, contorno e preenchimento em qualquer superfície.",kg,active
caneta-squeezer-mtn-street-dabber,CANETA SQUEEZER MTN STREET Dabber,"<p>Marcadores de ponta grossa e fina pra escrita, contorno e preenchimento em qualquer superfície.</p><ul><li>Categoria: Squeezer</li></ul>",Montana Colors,Squeezer,Squeezer,TRUE,Cor,Padrão,caneta-squeezer-mtn-street-dabber,,shopify,10,deny,manual,39.00,,TRUE,TRUE,https://public-delta-lyart-86.vercel.app/img/produtos/caneta-squeezer-mtn-street-dabber.jpg,1,CANETA SQUEEZER MTN STREET Dabber,FALSE,CANETA SQUEEZER MTN STREET Dabber | Dona Bomba,"Marcadores de ponta grossa e fina pra escrita, contorno e preenchimento em qualquer superfície.",kg,active
caneta-window-marker-acrilex,Caneta Window  Marker  - Acrilex,"<p>Marcadores de ponta grossa e fina pra escrita, contorno e preenchimento em qualquer superfície.</p><ul><li>Categoria: Marcadores</li></ul>",Acrilex,Marcadores,Marcadores,TRUE,Cor,Padrão,caneta-window-marker-acrilex,,shopify,10,deny,manual,60.00,,TRUE,TRUE,https://public-delta-lyart-86.vercel.app/img/produtos/caneta-window-marker-acrilex.jpg,1,Caneta Window  Marker  - Acrilex,FALSE,Caneta Window  Marker  - Acrilex | Dona Bomba,"Marcadores de ponta grossa e fina pra escrita, contorno e preenchimento em qualquer superfície.",kg,active
canetas-permanentes-paint-marker-kit-12-cores,Canetas permanentes Paint Marker - kit 12 cores,"<p>Canetas e marcadores de tinta acrílica pra traço fino, tag e ilustração — ponta resistente e cores vibrantes.</p><ul><li>Categoria: Canetas</li></ul>",Dona Bomba,Canetas,Canetas,TRUE,Cor,Padrão,canetas-permanentes-paint-marker-kit-12-cores,,shopify,10,deny,manual,195.00,,TRUE,TRUE,https://public-delta-lyart-86.vercel.app/img/produtos/canetas-permanentes-paint-marker-kit-12-cores.jpg,1,Canetas permanentes Paint Marker - kit 12 cores,FALSE,Canetas permanentes Paint Marker - kit 12 cores | Dona Bomba,"Canetas e marcadores de tinta acrílica pra traço fino, tag e ilustração — ponta resistente e cores vibrantes.",kg,active
canetas-risk-marker-kit-12-cores-ref-01,Canetas Risk Marker - kit 12 cores ref 01,"<p>Canetas e marcadores de tinta acrílica pra traço fino, tag e ilustração — ponta resistente e cores vibrantes.</p><ul><li>Categoria: Canetas</li></ul>",Dona Bomba,Canetas,Canetas,TRUE,Cor,Padrão,canetas-risk-marker-kit-12-cores-ref-01,,shopify,10,deny,manual,130.00,,TRUE,TRUE,https://public-delta-lyart-86.vercel.app/img/produtos/canetas-risk-marker-kit-12-cores-ref-01.jpg,1,Canetas Risk Marker - kit 12 cores ref 01,FALSE,Canetas Risk Marker - kit 12 cores ref 01 | Dona Bomba,"Canetas e marcadores de tinta acrílica pra traço fino, tag e ilustração — ponta resistente e cores vibrantes.",kg,active
cap-ghetto-blaster,Cap Ghetto Blaster,"<p>Tintas spray de alta cobertura pra grafite, arte urbana e customização. Secagem rápida, baixa pressão e cartela de cores extensa.</p><ul><li>Categoria: Caps</li></ul>",Dona Bomba,Caps,Caps,TRUE,Cor,Padrão,cap-ghetto-blaster,,shopify,10,deny,manual,7.00,,TRUE,TRUE,https://public-delta-lyart-86.vercel.app/img/produtos/cap-ghetto-blaster.jpg,1,Cap Ghetto Blaster,FALSE,Cap Ghetto Blaster | Dona Bomba,"Tintas spray de alta cobertura pra grafite, arte urbana e customização. Secagem rápida, baixa pressão e cartela de cores extensa.",kg,active
cap-level-1,Cap Level 1,<p>Válvulas e caps intercambiáveis pra controlar espessura e alcance do jato — do fat cap ao skinny.</p><ul><li>Categoria: Caps</li></ul>,Dona Bomba,Caps,Caps,TRUE,Cor,Padrão,cap-level-1,,shopify,10,deny,manual,4.00,,TRUE,TRUE,https://public-delta-lyart-86.vercel.app/img/produtos/cap-level-1.jpg,1,Cap Level 1,FALSE,Cap Level 1 | Dona Bomba,Válvulas e caps intercambiáveis pra controlar espessura e alcance do jato — do fat cap ao skinny.,kg,active
cap-level-6,Cap Level 6,"<p>Tintas spray de alta cobertura pra grafite, arte urbana e customização. Secagem rápida, baixa pressão e cartela de cores extensa.</p><ul><li>Categoria: Caps</li></ul>",Dona Bomba,Caps,Caps,TRUE,Cor,Padrão,cap-level-6,,shopify,10,deny,manual,4.00,,TRUE,TRUE,https://public-delta-lyart-86.vercel.app/img/produtos/cap-level-6.jpg,1,Cap Level 6,FALSE,Cap Level 6 | Dona Bomba,"Tintas spray de alta cobertura pra grafite, arte urbana e customização. Secagem rápida, baixa pressão e cartela de cores extensa.",kg,active
cap-needle-fine-liner,Cap Needle  Fine Liner,<p>Válvulas e caps intercambiáveis pra controlar espessura e alcance do jato — do fat cap ao skinny.</p><ul><li>Categoria: Caps</li></ul>,Dona Bomba,Caps,Caps,TRUE,Cor,Padrão,cap-needle-fine-liner,,shopify,10,deny,manual,4.00,,TRUE,TRUE,https://public-delta-lyart-86.vercel.app/img/produtos/cap-needle-fine-liner.jpg,1,Cap Needle  Fine Liner,FALSE,Cap Needle  Fine Liner | Dona Bomba,Válvulas e caps intercambiáveis pra controlar espessura e alcance do jato — do fat cap ao skinny.,kg,active
cap-needle,Cap Needle,<p>Válvulas e caps intercambiáveis pra controlar espessura e alcance do jato — do fat cap ao skinny.</p><ul><li>Categoria: Caps</li></ul>,Dona Bomba,Caps,Caps,TRUE,Cor,Padrão,cap-needle,,shopify,10,deny,manual,4.00,,TRUE,TRUE,https://public-delta-lyart-86.vercel.app/img/produtos/cap-needle.jpg,1,Cap Needle,FALSE,Cap Needle | Dona Bomba,Válvulas e caps intercambiáveis pra controlar espessura e alcance do jato — do fat cap ao skinny.,kg,active
cap-new-york-fat,Cap New York Fat,<p>Válvulas e caps intercambiáveis pra controlar espessura e alcance do jato — do fat cap ao skinny.</p><ul><li>Categoria: Caps</li></ul>,Dona Bomba,Caps,Caps,TRUE,Cor,Padrão,cap-new-york-fat,,shopify,10,deny,manual,4.00,,TRUE,TRUE,https://public-delta-lyart-86.vercel.app/img/produtos/cap-new-york-fat.jpg,1,Cap New York Fat,FALSE,Cap New York Fat | Dona Bomba,Válvulas e caps intercambiáveis pra controlar espessura e alcance do jato — do fat cap ao skinny.,kg,active
cap-ny-lego,Cap NY Lego,<p>Válvulas e caps intercambiáveis pra controlar espessura e alcance do jato — do fat cap ao skinny.</p><ul><li>Categoria: Caps</li></ul>,Dona Bomba,Caps,Caps,TRUE,Cor,Padrão,cap-ny-lego,,shopify,10,deny,manual,4.00,,TRUE,TRUE,https://public-delta-lyart-86.vercel.app/img/produtos/cap-ny-lego.jpg,1,Cap NY Lego,FALSE,Cap NY Lego | Dona Bomba,Válvulas e caps intercambiáveis pra controlar espessura e alcance do jato — do fat cap ao skinny.,kg,active
cap-skinny-banana,Cap Skinny Banana,<p>Válvulas e caps intercambiáveis pra controlar espessura e alcance do jato — do fat cap ao skinny.</p><ul><li>Categoria: Caps</li></ul>,Dona Bomba,Caps,Caps,TRUE,Cor,Padrão,cap-skinny-banana,,shopify,10,deny,manual,4.00,,TRUE,TRUE,https://public-delta-lyart-86.vercel.app/img/produtos/cap-skinny-banana.jpg,1,Cap Skinny Banana,FALSE,Cap Skinny Banana | Dona Bomba,Válvulas e caps intercambiáveis pra controlar espessura e alcance do jato — do fat cap ao skinny.,kg,active
cap-soft,Cap Soft,<p>Válvulas e caps intercambiáveis pra controlar espessura e alcance do jato — do fat cap ao skinny.</p><ul><li>Categoria: Caps</li></ul>,Dona Bomba,Caps,Caps,TRUE,Cor,Padrão,cap-soft,,shopify,10,deny,manual,4.00,,TRUE,TRUE,https://public-delta-lyart-86.vercel.app/img/produtos/cap-soft.jpg,1,Cap Soft,FALSE,Cap Soft | Dona Bomba,Válvulas e caps intercambiáveis pra controlar espessura e alcance do jato — do fat cap ao skinny.,kg,active
cap-super-skinny-maclaim,Cap Super Skinny Maclaim,"<p>Tintas spray de alta cobertura pra grafite, arte urbana e customização. Secagem rápida, baixa pressão e cartela de cores extensa.</p><ul><li>Categoria: Caps</li></ul>",Maclaim,Caps,Caps,TRUE,Cor,Padrão,cap-super-skinny-maclaim,,shopify,10,deny,manual,4.00,,TRUE,TRUE,https://public-delta-lyart-86.vercel.app/img/produtos/cap-super-skinny-maclaim.jpg,1,Cap Super Skinny Maclaim,FALSE,Cap Super Skinny Maclaim | Dona Bomba,"Tintas spray de alta cobertura pra grafite, arte urbana e customização. Secagem rápida, baixa pressão e cartela de cores extensa.",kg,active
cap-ultra-fat,Cap Ultra Fat,<p>Válvulas e caps intercambiáveis pra controlar espessura e alcance do jato — do fat cap ao skinny.</p><ul><li>Categoria: Caps</li></ul>,Dona Bomba,Caps,Caps,TRUE,Cor,Padrão,cap-ultra-fat,,shopify,10,deny,manual,4.00,,TRUE,TRUE,https://public-delta-lyart-86.vercel.app/img/produtos/cap-ultra-fat.jpg,1,Cap Ultra Fat,FALSE,Cap Ultra Fat | Dona Bomba,Válvulas e caps intercambiáveis pra controlar espessura e alcance do jato — do fat cap ao skinny.,kg,active
cap-universal-preto,Cap Universal Preto,<p>Válvulas e caps intercambiáveis pra controlar espessura e alcance do jato — do fat cap ao skinny.</p><ul><li>Categoria: Caps</li></ul>,Dona Bomba,Caps,Caps,TRUE,Cor,Padrão,cap-universal-preto,,shopify,10,deny,manual,4.00,,TRUE,TRUE,https://public-delta-lyart-86.vercel.app/img/produtos/cap-universal-preto.jpg,1,Cap Universal Preto,FALSE,Cap Universal Preto | Dona Bomba,Válvulas e caps intercambiáveis pra controlar espessura e alcance do jato — do fat cap ao skinny.,kg,active
colorgin-arte-urbana-400ml,COLORGIN ARTE URBANA 400ML,"<p>Tintas spray de alta cobertura pra grafite, arte urbana e customização. Secagem rápida, baixa pressão e cartela de cores extensa. Cores aproximadas — a cor exata pode variar de tela pra tela.</p><ul><li>Cores: 83 cores</li><li>Acabamento: Brilhante</li><li>Capacidade: 400ml</li></ul>",Colorgin,Sprays,Sprays,TRUE,Cor,ALGODÃO 942,colorgin-arte-urbana-400ml-942,,shopify,10,deny,manual,30.00,,TRUE,TRUE,https://public-delta-lyart-86.vercel.app/img/produtos/spray-colorgin-arte-urbana-unidade.jpg,1,COLORGIN ARTE URBANA 400ML,FALSE,COLORGIN ARTE URBANA 400ML | Dona Bomba,"Tintas spray de alta cobertura pra grafite, arte urbana e customização. Secagem rápida, baixa pressão e cartela de cores extensa. Cores aproximadas — a cor e...",kg,active
colorgin-arte-urbana-400ml,,,,,,,,AMARELO BAUNILHA 913,colorgin-arte-urbana-400ml-913,,shopify,10,deny,manual,30.00,,TRUE,TRUE,,,,,,,,
colorgin-arte-urbana-400ml,,,,,,,,AMARELO CANARIO 912,colorgin-arte-urbana-400ml-912,,shopify,10,deny,manual,30.00,,TRUE,TRUE,,,,,,,,
colorgin-arte-urbana-400ml,,,,,,,,AMARELO IPANEMA 948,colorgin-arte-urbana-400ml-948,,shopify,10,deny,manual,30.00,,TRUE,TRUE,,,,,,,,
colorgin-arte-urbana-400ml,,,,,,,,AMARELO LIMÃO 914,colorgin-arte-urbana-400ml-914,,shopify,10,deny,manual,30.00,,TRUE,TRUE,,,,,,,,
colorgin-arte-urbana-400ml,,,,,,,,AMARELO SOL 915,colorgin-arte-urbana-400ml-915,,shopify,10,deny,manual,30.00,,TRUE,TRUE,,,,,,,,
colorgin-arte-urbana-400ml,,,,,,,,AQUARIO 982,colorgin-arte-urbana-400ml-982,,shopify,10,deny,manual,30.00,,TRUE,TRUE,,,,,,,,
colorgin-arte-urbana-400ml,,,,,,,,AREIA 949,colorgin-arte-urbana-400ml-949,,shopify,10,deny,manual,30.00,,TRUE,TRUE,,,,,,,,
colorgin-arte-urbana-400ml,,,,,,,,AVELÃ 950,colorgin-arte-urbana-400ml-950,,shopify,10,deny,manual,30.00,,TRUE,TRUE,,,,,,,,
colorgin-arte-urbana-400ml,,,,,,,,AZUL ATLÂNTICO 984,colorgin-arte-urbana-400ml-984,,shopify,10,deny,manual,30.00,,TRUE,TRUE,,,,,,,,
colorgin-arte-urbana-400ml,,,,,,,,AZUL BEBÊ 978,colorgin-arte-urbana-400ml-978,,shopify,10,deny,manual,30.00,,TRUE,TRUE,,,,,,,,
colorgin-arte-urbana-400ml,,,,,,,,AZUL CELESTE 965,colorgin-arte-urbana-400ml-965,,shopify,10,deny,manual,30.00,,TRUE,TRUE,,,,,,,,
colorgin-arte-urbana-400ml,,,,,,,,AZUL CÉU 923,colorgin-arte-urbana-400ml-923,,shopify,10,deny,manual,30.00,,TRUE,TRUE,,,,,,,,
colorgin-arte-urbana-400ml,,,,,,,,AZUL CHUVA 928,colorgin-arte-urbana-400ml-928,,shopify,10,deny,manual,30.00,,TRUE,TRUE,,,,,,,,
colorgin-arte-urbana-400ml,,,,,,,,AZUL EUROPÉIA 924,colorgin-arte-urbana-400ml-924,,shopify,10,deny,manual,30.00,,TRUE,TRUE,,,,,,,,
colorgin-arte-urbana-400ml,,,,,,,,AZUL MACKENZIE 927,colorgin-arte-urbana-400ml-927,,shopify,10,deny,manual,30.00,,TRUE,TRUE,,,,,,,,
colorgin-arte-urbana-400ml,,,,,,,,AZUL MARINHO 983,colorgin-arte-urbana-400ml-983,,shopify,10,deny,manual,30.00,,TRUE,TRUE,,,,,,,,
colorgin-arte-urbana-400ml,,,,,,,,AZUL MIRÓ 926,colorgin-arte-urbana-400ml-926,,shopify,10,deny,manual,30.00,,TRUE,TRUE,,,,,,,,
colorgin-arte-urbana-400ml,,,,,,,,AZUL NETUNO 925,colorgin-arte-urbana-400ml-925,,shopify,10,deny,manual,30.00,,TRUE,TRUE,,,,,,,,
colorgin-arte-urbana-400ml,,,,,,,,AZUL PETRÓLEO 996,colorgin-arte-urbana-400ml-996,,shopify,10,deny,manual,30.00,,TRUE,TRUE,,,,,,,,
colorgin-arte-urbana-400ml,,,,,,,,BAMBU 941,colorgin-arte-urbana-400ml-941,,shopify,10,deny,manual,30.00,,TRUE,TRUE,,,,,,,,
colorgin-arte-urbana-400ml,,,,,,,,BERINJELA 957,colorgin-arte-urbana-400ml-957,,shopify,10,deny,manual,30.00,,TRUE,TRUE,,,,,,,,
colorgin-arte-urbana-400ml,,,,,,,,BRANCHISA 947,colorgin-arte-urbana-400ml-947,,shopify,10,deny,manual,30.00,,TRUE,TRUE,,,,,,,,
colorgin-arte-urbana-400ml,,,,,,,,BRANCO 944,colorgin-arte-urbana-400ml-944,,shopify,10,deny,manual,30.00,,TRUE,TRUE,,,,,,,,
colorgin-arte-urbana-400ml,,,,,,,,BRANCO GELO 943,colorgin-arte-urbana-400ml-943,,shopify,10,deny,manual,30.00,,TRUE,TRUE,,,,,,,,
colorgin-arte-urbana-400ml,,,,,,,,BRANCO TRANSLUCIDO 969,colorgin-arte-urbana-400ml-969,,shopify,10,deny,manual,30.00,,TRUE,TRUE,,,,,,,,
colorgin-arte-urbana-400ml,,,,,,,,CACAU 932,colorgin-arte-urbana-400ml-932,,shopify,10,deny,manual,30.00,,TRUE,TRUE,,,,,,,,
colorgin-arte-urbana-400ml,,,,,,,,CANELA 952,colorgin-arte-urbana-400ml-952,,shopify,10,deny,manual,30.00,,TRUE,TRUE,,,,,,,,
colorgin-arte-urbana-400ml,,,,,,,,CARAMELO 931,colorgin-arte-urbana-400ml-931,,shopify,10,deny,manual,30.00,,TRUE,TRUE,,,,,,,,
colorgin-arte-urbana-400ml,,,,,,,,CHOCOLATE 980,colorgin-arte-urbana-400ml-980,,shopify,10,deny,manual,30.00,,TRUE,TRUE,,,,,,,,
colorgin-arte-urbana-400ml,,,,,,,,CINZA CARRARA 933,colorgin-arte-urbana-400ml-933,,shopify,10,deny,manual,30.00,,TRUE,TRUE,,,,,,,,
colorgin-arte-urbana-400ml,,,,,,,,CINZA CHUMBO 985,colorgin-arte-urbana-400ml-985,,shopify,10,deny,manual,30.00,,TRUE,TRUE,,,,,,,,
colorgin-arte-urbana-400ml,,,,,,,,CINZA CLARO 934,colorgin-arte-urbana-400ml-934,,shopify,10,deny,manual,30.00,,TRUE,TRUE,,,,,,,,
colorgin-arte-urbana-400ml,,,,,,,,CINZA LONDRES 935,colorgin-arte-urbana-400ml-935,,shopify,10,deny,manual,30.00,,TRUE,TRUE,,,,,,,,
colorgin-arte-urbana-400ml,,,,,,,,CINZA NEBLINA 979,colorgin-arte-urbana-400ml-979,,shopify,10,deny,manual,30.00,,TRUE,TRUE,,,,,,,,
colorgin-arte-urbana-400ml,,,,,,,,ELDORADO 972,colorgin-arte-urbana-400ml-972,,shopify,10,deny,manual,30.00,,TRUE,TRUE,,,,,,,,
colorgin-arte-urbana-400ml,,,,,,,,FRAMBOESA 956,colorgin-arte-urbana-400ml-956,,shopify,10,deny,manual,30.00,,TRUE,TRUE,,,,,,,,
colorgin-arte-urbana-400ml,,,,,,,,FUMÊ 946,colorgin-arte-urbana-400ml-946,,shopify,10,deny,manual,30.00,,TRUE,TRUE,,,,,,,,
colorgin-arte-urbana-400ml,,,,,,,,ITAIPU 981,colorgin-arte-urbana-400ml-981,,shopify,10,deny,manual,30.00,,TRUE,TRUE,,,,,,,,
colorgin-arte-urbana-400ml,,,,,,,,LARANJA 900,colorgin-arte-urbana-400ml-900,,shopify,10,deny,manual,30.00,,TRUE,TRUE,,,,,,,,
colorgin-arte-urbana-400ml,,,,,,,,LARANJA HOLANDA 901,colorgin-arte-urbana-400ml-901,,shopify,10,deny,manual,30.00,,TRUE,TRUE,,,,,,,,
colorgin-arte-urbana-400ml,,,,,,,,LARANJA MARTE 968,colorgin-arte-urbana-400ml-968,,shopify,10,deny,manual,30.00,,TRUE,TRUE,,,,,,,,
colorgin-arte-urbana-400ml,,,,,,,,LILÁS 940,colorgin-arte-urbana-400ml-940,,shopify,10,deny,manual,30.00,,TRUE,TRUE,,,,,,,,
colorgin-arte-urbana-400ml,,,,,,,,MADEIRA 951,colorgin-arte-urbana-400ml-951,,shopify,10,deny,manual,30.00,,TRUE,TRUE,,,,,,,,
colorgin-arte-urbana-400ml,,,,,,,,MAGENTA 918,colorgin-arte-urbana-400ml-918,,shopify,10,deny,manual,30.00,,TRUE,TRUE,,,,,,,,
colorgin-arte-urbana-400ml,,,,,,,,MAMÃO 971,colorgin-arte-urbana-400ml-971,,shopify,10,deny,manual,30.00,,TRUE,TRUE,,,,,,,,
colorgin-arte-urbana-400ml,,,,,,,,MARROM CAFE 929,colorgin-arte-urbana-400ml-929,,shopify,10,deny,manual,30.00,,TRUE,TRUE,,,,,,,,
colorgin-arte-urbana-400ml,,,,,,,,OURO 991,colorgin-arte-urbana-400ml-991,,shopify,10,deny,manual,30.00,,TRUE,TRUE,,,,,,,,
colorgin-arte-urbana-400ml,,,,,,,,PRATA 990,colorgin-arte-urbana-400ml-990,,shopify,10,deny,manual,30.00,,TRUE,TRUE,,,,,,,,
colorgin-arte-urbana-400ml,,,,,,,,PRETO 945,colorgin-arte-urbana-400ml-945,,shopify,10,deny,manual,30.00,,TRUE,TRUE,,,,,,,,
colorgin-arte-urbana-400ml,,,,,,,,ROSA BISCUIT 954,colorgin-arte-urbana-400ml-954,,shopify,10,deny,manual,30.00,,TRUE,TRUE,,,,,,,,
colorgin-arte-urbana-400ml,,,,,,,,ROSA BLUSH 953,colorgin-arte-urbana-400ml-953,,shopify,10,deny,manual,30.00,,TRUE,TRUE,,,,,,,,
colorgin-arte-urbana-400ml,,,,,,,,ROSA CHICLETE 955,colorgin-arte-urbana-400ml-955,,shopify,10,deny,manual,30.00,,TRUE,TRUE,,,,,,,,
colorgin-arte-urbana-400ml,,,,,,,,ROSA LIRIO 917,colorgin-arte-urbana-400ml-917,,shopify,10,deny,manual,30.00,,TRUE,TRUE,,,,,,,,
colorgin-arte-urbana-400ml,,,,,,,,ROSA LOTUS 916,colorgin-arte-urbana-400ml-916,,shopify,10,deny,manual,30.00,,TRUE,TRUE,,,,,,,,
colorgin-arte-urbana-400ml,,,,,,,,ROSA PETALA 999,colorgin-arte-urbana-400ml-999,,shopify,10,deny,manual,30.00,,TRUE,TRUE,,,,,,,,
colorgin-arte-urbana-400ml,,,,,,,,ROXO 903,colorgin-arte-urbana-400ml-903,,shopify,10,deny,manual,30.00,,TRUE,TRUE,,,,,,,,
colorgin-arte-urbana-400ml,,,,,,,,ROXO BETERRABA 904,colorgin-arte-urbana-400ml-904,,shopify,10,deny,manual,30.00,,TRUE,TRUE,,,,,,,,
colorgin-arte-urbana-400ml,,,,,,,,TANGERINA 967,colorgin-arte-urbana-400ml-967,,shopify,10,deny,manual,30.00,,TRUE,TRUE,,,,,,,,
colorgin-arte-urbana-400ml,,,,,,,,TUTTI FRUTTI 974,colorgin-arte-urbana-400ml-974,,shopify,10,deny,manual,30.00,,TRUE,TRUE,,,,,,,,
colorgin-arte-urbana-400ml,,,,,,,,VANILA 966,colorgin-arte-urbana-400ml-966,,shopify,10,deny,manual,30.00,,TRUE,TRUE,,,,,,,,
colorgin-arte-urbana-400ml,,,,,,,,VERDE ABACATE 908,colorgin-arte-urbana-400ml-908,,shopify,10,deny,manual,30.00,,TRUE,TRUE,,,,,,,,
colorgin-arte-urbana-400ml,,,,,,,,VERDE AMAZONAS 987,colorgin-arte-urbana-400ml-987,,shopify,10,deny,manual,30.00,,TRUE,TRUE,,,,,,,,
colorgin-arte-urbana-400ml,,,,,,,,VERDE BANDEIRA 906,colorgin-arte-urbana-400ml-906,,shopify,10,deny,manual,30.00,,TRUE,TRUE,,,,,,,,
colorgin-arte-urbana-400ml,,,,,,,,VERDE ERVILHA 963,colorgin-arte-urbana-400ml-963,,shopify,10,deny,manual,30.00,,TRUE,TRUE,,,,,,,,
colorgin-arte-urbana-400ml,,,,,,,,VERDE ESMERALDA 907,colorgin-arte-urbana-400ml-907,,shopify,10,deny,manual,30.00,,TRUE,TRUE,,,,,,,,
colorgin-arte-urbana-400ml,,,,,,,,VERDE MARESIA 960,colorgin-arte-urbana-400ml-960,,shopify,10,deny,manual,30.00,,TRUE,TRUE,,,,,,,,
colorgin-arte-urbana-400ml,,,,,,,,VERDE MATA 911,colorgin-arte-urbana-400ml-911,,shopify,10,deny,manual,30.00,,TRUE,TRUE,,,,,,,,
colorgin-arte-urbana-400ml,,,,,,,,VERDE MENTA 909,colorgin-arte-urbana-400ml-909,,shopify,10,deny,manual,30.00,,TRUE,TRUE,,,,,,,,
colorgin-arte-urbana-400ml,,,,,,,,VERDE NAUTICO 962,colorgin-arte-urbana-400ml-962,,shopify,10,deny,manual,30.00,,TRUE,TRUE,,,,,,,,
colorgin-arte-urbana-400ml,,,,,,,,VERDE NEON 905,colorgin-arte-urbana-400ml-905,,shopify,10,deny,manual,30.00,,TRUE,TRUE,,,,,,,,
colorgin-arte-urbana-400ml,,,,,,,,VERDE PISCINA 961,colorgin-arte-urbana-400ml-961,,shopify,10,deny,manual,30.00,,TRUE,TRUE,,,,,,,,
colorgin-arte-urbana-400ml,,,,,,,,VERDE PISTACHE 988,colorgin-arte-urbana-400ml-988,,shopify,10,deny,manual,30.00,,TRUE,TRUE,,,,,,,,
colorgin-arte-urbana-400ml,,,,,,,,VERDE TOSCANA 910,colorgin-arte-urbana-400ml-910,,shopify,10,deny,manual,30.00,,TRUE,TRUE,,,,,,,,
colorgin-arte-urbana-400ml,,,,,,,,VERMELHO AÇAI 921,colorgin-arte-urbana-400ml-921,,shopify,10,deny,manual,30.00,,TRUE,TRUE,,,,,,,,
colorgin-arte-urbana-400ml,,,,,,,,VERMELHO CEREJA 973,colorgin-arte-urbana-400ml-973,,shopify,10,deny,manual,30.00,,TRUE,TRUE,,,,,,,,
colorgin-arte-urbana-400ml,,,,,,,,VERMELHO FERRARI 919,colorgin-arte-urbana-400ml-919,,shopify,10,deny,manual,30.00,,TRUE,TRUE,,,,,,,,
colorgin-arte-urbana-400ml,,,,,,,,VERMELHO GOIABA 922,colorgin-arte-urbana-400ml-922,,shopify,10,deny,manual,30.00,,TRUE,TRUE,,,,,,,,
colorgin-arte-urbana-400ml,,,,,,,,VERMELHO MALAGUETA 920,colorgin-arte-urbana-400ml-920,,shopify,10,deny,manual,30.00,,TRUE,TRUE,,,,,,,,
colorgin-arte-urbana-400ml,,,,,,,,VIOLETA 936,colorgin-arte-urbana-400ml-936,,shopify,10,deny,manual,30.00,,TRUE,TRUE,,,,,,,,
colorgin-arte-urbana-400ml,,,,,,,,VIOLETA COSMOS 937,colorgin-arte-urbana-400ml-937,,shopify,10,deny,manual,30.00,,TRUE,TRUE,,,,,,,,
colorgin-arte-urbana-400ml,,,,,,,,VIOLETA ESSENCIA 938,colorgin-arte-urbana-400ml-938,,shopify,10,deny,manual,30.00,,TRUE,TRUE,,,,,,,,
colorgin-arte-urbana-400ml,,,,,,,,VIOLETA VAMPIRO 997,colorgin-arte-urbana-400ml-997,,shopify,10,deny,manual,30.00,,TRUE,TRUE,,,,,,,,
conjunto-gilrs-love-graffiti-high-quality,Conjunto Gilrs Love Graffiti - HIGH QUALITY,<p>Peças de vestuário da loja — pra usar a marca no corpo.</p><ul><li>Categoria: Vestuário</li></ul>,Dona Bomba,Vestuário,Vestuário,TRUE,Cor,Padrão,conjunto-gilrs-love-graffiti-high-quality,,shopify,10,deny,manual,89.00,,TRUE,TRUE,https://public-delta-lyart-86.vercel.app/img/produtos/conjunto-gilrs-love-graffiti-high-quality.jpg,1,Conjunto Gilrs Love Graffiti - HIGH QUALITY,FALSE,Conjunto Gilrs Love Graffiti - HIGH QUALITY | Dona Bomba,Peças de vestuário da loja — pra usar a marca no corpo.,kg,active
dripper-hubik-60ml,Dripper HUBIK® -  60ml,"<p>Produto original de arte urbana, direto pra sua mochila.</p><ul><li>Capacidade: 60ml</li></ul>",Hubik,Squeezer,Squeezer,TRUE,Cor,Padrão,dripper-hubik-60ml,,shopify,10,deny,manual,29.00,,TRUE,TRUE,https://public-delta-lyart-86.vercel.app/img/produtos/dripper-hubik-60ml.jpg,1,Dripper HUBIK® -  60ml,FALSE,Dripper HUBIK® -  60ml | Dona Bomba,"Produto original de arte urbana, direto pra sua mochila.",kg,active
dripper-hubik-vazio-sem-tinta,Dripper HUBIK® Vazio (Sem Tinta),"<p>Marcadores de ponta grossa e fina pra escrita, contorno e preenchimento em qualquer superfície.</p><ul><li>Categoria: Marcadores</li></ul>",Hubik,Marcadores,Marcadores,TRUE,Cor,Padrão,dripper-hubik-vazio-sem-tinta,,shopify,10,deny,manual,25.00,,TRUE,TRUE,https://public-delta-lyart-86.vercel.app/img/produtos/dripper-hubik-vazio-sem-tinta.jpg,1,Dripper HUBIK® Vazio (Sem Tinta),FALSE,Dripper HUBIK® Vazio (Sem Tinta) | Dona Bomba,"Marcadores de ponta grossa e fina pra escrita, contorno e preenchimento em qualquer superfície.",kg,active
dripper-hubik-x-coolega-edicao-limitada,Dripper HUBIK® x COOLEGA - Edição limitada,"<p>Marcadores de ponta grossa e fina pra escrita, contorno e preenchimento em qualquer superfície.</p><ul><li>Categoria: Marcadores</li></ul>",Hubik,Marcadores,Marcadores,TRUE,Cor,Padrão,dripper-hubik-x-coolega-edicao-limitada,,shopify,10,deny,manual,29.00,,TRUE,TRUE,https://public-delta-lyart-86.vercel.app/img/produtos/dripper-hubik-x-coolega-edicao-limitada.jpg,1,Dripper HUBIK® x COOLEGA - Edição limitada,FALSE,Dripper HUBIK® x COOLEGA - Edição limitada | Dona Bomba,"Marcadores de ponta grossa e fina pra escrita, contorno e preenchimento em qualquer superfície.",kg,active
fat-cap-flame,Fat Cap Flame,<p>Válvulas e caps intercambiáveis pra controlar espessura e alcance do jato — do fat cap ao skinny.</p><ul><li>Categoria: Caps</li></ul>,Dona Bomba,Caps,Caps,TRUE,Cor,Padrão,fat-cap-flame,,shopify,10,deny,manual,4.00,,TRUE,TRUE,https://public-delta-lyart-86.vercel.app/img/produtos/fat-cap-flame.jpg,1,Fat Cap Flame,FALSE,Fat Cap Flame | Dona Bomba,Válvulas e caps intercambiáveis pra controlar espessura e alcance do jato — do fat cap ao skinny.,kg,active
filtro-para-particulados-3m-5n11-o-par,Filtro para Particulados 3M™ 5N11 (o par),"<p>Luvas, máscaras e itens de proteção e apoio pra quem pinta na rua ou no estúdio.</p><ul><li>Categoria: Acessórios</li></ul>",3M,Acessórios,Acessórios,TRUE,Cor,Padrão,filtro-para-particulados-3m-5n11-o-par,,shopify,10,deny,manual,10.00,,TRUE,TRUE,https://public-delta-lyart-86.vercel.app/img/produtos/filtro-para-particulados-3m-5n11-o-par.jpg,1,Filtro para Particulados 3M™ 5N11 (o par),FALSE,Filtro para Particulados 3M™ 5N11 (o par) | Dona Bomba,"Luvas, máscaras e itens de proteção e apoio pra quem pinta na rua ou no estúdio.",kg,active
filtros-mecanico-2091-3m-para-particulados-o-par,Filtros Mecânico  2091 3M - Para particulados (o par),"<p>Luvas, máscaras e itens de proteção e apoio pra quem pinta na rua ou no estúdio.</p><ul><li>Categoria: Acessórios</li></ul>",3M,Acessórios,Acessórios,TRUE,Cor,Padrão,filtros-mecanico-2091-3m-para-particulados-o-par,,shopify,10,deny,manual,37.00,,TRUE,TRUE,https://public-delta-lyart-86.vercel.app/img/produtos/filtros-mecanico-2091-3m-para-particulados-o-par.jpg,1,Filtros Mecânico  2091 3M - Para particulados (o par),FALSE,Filtros Mecânico  2091 3M - Para particulados (o par) | Dona Bomba,"Luvas, máscaras e itens de proteção e apoio pra quem pinta na rua ou no estúdio.",kg,active
hello-my-name-is-pac-10-sticker,"HELLO, my name is PAC 10 STICKER","<p>Luvas, máscaras e itens de proteção e apoio pra quem pinta na rua ou no estúdio.</p><ul><li>Categoria: Acessórios</li></ul>",Dona Bomba,Acessórios,Acessórios,TRUE,Cor,Padrão,hello-my-name-is-pac-10-sticker,,shopify,10,deny,manual,10.00,,TRUE,TRUE,https://public-delta-lyart-86.vercel.app/img/produtos/pack-stickers-hello-my-name.jpg,1,"HELLO, my name is PAC 10 STICKER",FALSE,"HELLO, my name is PAC 10 STICKER | Dona Bomba","Luvas, máscaras e itens de proteção e apoio pra quem pinta na rua ou no estúdio.",kg,active
hubik-x-hey-coffee,HUBIK® x Hey! Coffee,"<p>Marcadores de ponta grossa e fina pra escrita, contorno e preenchimento em qualquer superfície.</p><ul><li>Categoria: Marcadores</li></ul>",Hubik,Marcadores,Marcadores,TRUE,Cor,Padrão,hubik-x-hey-coffee,,shopify,10,deny,manual,29.00,,TRUE,TRUE,https://public-delta-lyart-86.vercel.app/img/produtos/hubik-x-hey-coffee.jpg,1,HUBIK® x Hey! Coffee,FALSE,HUBIK® x Hey! Coffee | Dona Bomba,"Marcadores de ponta grossa e fina pra escrita, contorno e preenchimento em qualquer superfície.",kg,active
lapis-de-cor-estojo-com-72-cores-fine-art-acrilex-high-quality,Lápis de cor - Estojo com 72 cores Fine Art - Acrilex High Quality,"<p>Linha fine art pra quem trabalha tela, ilustração e trabalhos de estúdio com mais precisão.</p><ul><li>Categoria: Fine Art</li></ul>",Acrilex,Fine Art,Fine Art,TRUE,Cor,Padrão,lapis-de-cor-estojo-com-72-cores-fine-art-acrilex-high-quality,,shopify,10,deny,manual,290.00,,TRUE,TRUE,,,Lápis de cor - Estojo com 72 cores Fine Art - Acrilex High Quality,FALSE,Lápis de cor - Estojo com 72 cores Fine Art - Acrilex High Quality | Dona Bomba,"Linha fine art pra quem trabalha tela, ilustração e trabalhos de estúdio com mais precisão.",kg,active
luva-multitato-preta-em-poliuretano-pu,Luva multitato - Preta em Poliuretano (PU),"<p>Luvas, máscaras e itens de proteção e apoio pra quem pinta na rua ou no estúdio.</p><ul><li>Categoria: Acessórios</li></ul>",Dona Bomba,Acessórios,Acessórios,TRUE,Cor,Padrão,luva-multitato-preta-em-poliuretano-pu,,shopify,10,deny,manual,20.00,,TRUE,TRUE,https://public-delta-lyart-86.vercel.app/img/produtos/luva-multitato-preta-em-poliuretano-pu.jpg,1,Luva multitato - Preta em Poliuretano (PU),FALSE,Luva multitato - Preta em Poliuretano (PU) | Dona Bomba,"Luvas, máscaras e itens de proteção e apoio pra quem pinta na rua ou no estúdio.",kg,active
marcador-permanente-hubik,Marcador Permanente HUBIK®,"<p>Marcadores de ponta grossa e fina pra escrita, contorno e preenchimento em qualquer superfície.</p><ul><li>Categoria: Marcadores</li></ul>",Hubik,Marcadores,Marcadores,TRUE,Cor,Padrão,marcador-permanente-hubik,,shopify,10,deny,manual,19.90,,TRUE,TRUE,https://public-delta-lyart-86.vercel.app/img/produtos/marcador-permanente-hubik.jpg,1,Marcador Permanente HUBIK®,FALSE,Marcador Permanente HUBIK® | Dona Bomba,"Marcadores de ponta grossa e fina pra escrita, contorno e preenchimento em qualquer superfície.",kg,active
marcador-sakura-solid-marker-1-un,Marcador Sakura Solid Marker - 1 UN,"<p>Marcadores de ponta grossa e fina pra escrita, contorno e preenchimento em qualquer superfície.</p><ul><li>Categoria: Marcadores</li></ul>",Sakura,Marcadores,Marcadores,TRUE,Cor,Padrão,marcador-sakura-solid-marker-1-un,,shopify,10,deny,manual,40.00,,TRUE,TRUE,https://public-delta-lyart-86.vercel.app/img/produtos/marcador-sakura-solid-marker-1-un.jpg,1,Marcador Sakura Solid Marker - 1 UN,FALSE,Marcador Sakura Solid Marker - 1 UN | Dona Bomba,"Marcadores de ponta grossa e fina pra escrita, contorno e preenchimento em qualquer superfície.",kg,active
marcador-squeezer-torpe,Marcador Squeezer Torpe,"<p>Marcador squeezer da Torpe, ideal pra letras molhadas e efeito de tinta escorrida (drip). Fotos autorais em breve — consulte cores e tamanhos disponíveis (30ml, 60ml, 100ml) pelo WhatsApp.</p><ul><li>Categoria: Squeezer</li></ul>",Dona Bomba,Squeezer,"Squeezer, sob-consulta",TRUE,Cor,Padrão,marcador-squeezer-torpe,,shopify,10,deny,manual,0.00,,TRUE,TRUE,,,Marcador Squeezer Torpe,FALSE,Marcador Squeezer Torpe | Dona Bomba,"Marcador squeezer da Torpe, ideal pra letras molhadas e efeito de tinta escorrida (drip). Fotos autorais em breve — consulte cores e tamanhos disponíveis (30...",kg,active
mascara-3m-6200-semifacial-respirador-reutilizavel,Mascara 3M™ 6200 - Semifacial (Respirador reutilizável),"<p>Tintas spray de alta cobertura pra grafite, arte urbana e customização. Secagem rápida, baixa pressão e cartela de cores extensa.</p><ul><li>Categoria: Acessórios</li></ul>",3M,Acessórios,Acessórios,TRUE,Cor,Padrão,mascara-3m-6200-semifacial-respirador-reutilizavel,,shopify,10,deny,manual,140.00,,TRUE,TRUE,https://public-delta-lyart-86.vercel.app/img/produtos/mascara-3m-6200-semifacial-respirador-reutilizavel.jpg,1,Mascara 3M™ 6200 - Semifacial (Respirador reutilizável),FALSE,Mascara 3M™ 6200 - Semifacial (Respirador reutilizável) | Dona Bomba,"Tintas spray de alta cobertura pra grafite, arte urbana e customização. Secagem rápida, baixa pressão e cartela de cores extensa.",kg,active
montana-cans-ultra-wide-750ml,Montana Cans - Ultra Wide 750ML,"<p>Tintas spray de alta cobertura pra grafite, arte urbana e customização. Secagem rápida, baixa pressão e cartela de cores extensa.</p><ul><li>Acabamento: Brilhante</li><li>Capacidade: 750ml</li></ul>",Montana Colors,Sprays,Sprays,TRUE,Cor,Padrão,montana-cans-ultra-wide-750ml,,shopify,10,deny,manual,59.00,,TRUE,TRUE,https://public-delta-lyart-86.vercel.app/img/produtos/montana-cans-ultra-wide-750ml.jpg,1,Montana Cans - Ultra Wide 750ML,FALSE,Montana Cans - Ultra Wide 750ML | Dona Bomba,"Tintas spray de alta cobertura pra grafite, arte urbana e customização. Secagem rápida, baixa pressão e cartela de cores extensa.",kg,active
montana-gold-black-fat-cap,Montana Gold / Black Fat Cap,<p>Válvulas e caps intercambiáveis pra controlar espessura e alcance do jato — do fat cap ao skinny.</p><ul><li>Categoria: Caps</li></ul>,Montana Colors,Caps,Caps,TRUE,Cor,Padrão,montana-gold-black-fat-cap,,shopify,10,deny,manual,4.00,,TRUE,TRUE,https://public-delta-lyart-86.vercel.app/img/produtos/montana-gold-black-fat-cap.jpg,1,Montana Gold / Black Fat Cap,FALSE,Montana Gold / Black Fat Cap | Dona Bomba,Válvulas e caps intercambiáveis pra controlar espessura e alcance do jato — do fat cap ao skinny.,kg,active
montana-level-5-fat-cap,Montana Level 5 Fat Cap,<p>Válvulas e caps intercambiáveis pra controlar espessura e alcance do jato — do fat cap ao skinny.</p><ul><li>Categoria: Caps</li></ul>,Montana Colors,Caps,Caps,TRUE,Cor,Padrão,montana-level-5-fat-cap,,shopify,10,deny,manual,4.00,,TRUE,TRUE,https://public-delta-lyart-86.vercel.app/img/produtos/montana-level-5-fat-cap.jpg,1,Montana Level 5 Fat Cap,FALSE,Montana Level 5 Fat Cap | Dona Bomba,Válvulas e caps intercambiáveis pra controlar espessura e alcance do jato — do fat cap ao skinny.,kg,active
mtn-94-400ml,MTN 94 400ML,"<p>Tintas spray de alta cobertura pra grafite, arte urbana e customização. Secagem rápida, baixa pressão e cartela de cores extensa. Cores aproximadas — a cor exata pode variar de tela pra tela.</p><ul><li>Cores: 216 cores</li><li>Acabamento: Fosco</li><li>Capacidade: 400ml</li></ul>",Montana Colors,Sprays,"Sprays, sob-consulta",TRUE,Cor,Black 9RV-9011,mtn-94-400ml-9RV-9011,,shopify,10,deny,manual,0.00,,TRUE,TRUE,,,MTN 94 400ML,FALSE,MTN 94 400ML | Dona Bomba,"Tintas spray de alta cobertura pra grafite, arte urbana e customização. Secagem rápida, baixa pressão e cartela de cores extensa. Cores aproximadas — a cor e...",kg,active
mtn-94-400ml,,,,,,,,White 9RV-9010,mtn-94-400ml-9RV-9010,,shopify,10,deny,manual,0.00,,TRUE,TRUE,,,,,,,,
mtn-94-400ml,,,,,,,,Ipanema Yellow 9RV-189,mtn-94-400ml-9RV-189,,shopify,10,deny,manual,0.00,,TRUE,TRUE,,,,,,,,
mtn-94-400ml,,,,,,,,Party Yellow 9RV-20,mtn-94-400ml-9RV-20,,shopify,10,deny,manual,0.00,,TRUE,TRUE,,,,,,,,
mtn-94-400ml,,,,,,,,Canarias Yellow 9RV-109,mtn-94-400ml-9RV-109,,shopify,10,deny,manual,0.00,,TRUE,TRUE,,,,,,,,
mtn-94-400ml,,,,,,,,Light Yellow 9RV-1021,mtn-94-400ml-9RV-1021,,shopify,10,deny,manual,0.00,,TRUE,TRUE,,,,,,,,
mtn-94-400ml,,,,,,,,Yosemite Yellow 9RV-110,mtn-94-400ml-9RV-110,,shopify,10,deny,manual,0.00,,TRUE,TRUE,,,,,,,,
mtn-94-400ml,,,,,,,,Babel Green 9RV-111,mtn-94-400ml-9RV-111,,shopify,10,deny,manual,0.00,,TRUE,TRUE,,,,,,,,
mtn-94-400ml,,,,,,,,Mission Green 9RV-112,mtn-94-400ml-9RV-112,,shopify,10,deny,manual,0.00,,TRUE,TRUE,,,,,,,,
mtn-94-400ml,,,,,,,,Dragon Green 9RV-113,mtn-94-400ml-9RV-113,,shopify,10,deny,manual,0.00,,TRUE,TRUE,,,,,,,,
mtn-94-400ml,,,,,,,,Maya Green 9RV-114,mtn-94-400ml-9RV-114,,shopify,10,deny,manual,0.00,,TRUE,TRUE,,,,,,,,
mtn-94-400ml,,,,,,,,Sundance 9RV-192,mtn-94-400ml-9RV-192,,shopify,10,deny,manual,0.00,,TRUE,TRUE,,,,,,,,
mtn-94-400ml,,,,,,,,Dalai Orange 9RV-102,mtn-94-400ml-9RV-102,,shopify,10,deny,manual,0.00,,TRUE,TRUE,,,,,,,,
mtn-94-400ml,,,,,,,,Plural Orange 9RV-103,mtn-94-400ml-9RV-103,,shopify,10,deny,manual,0.00,,TRUE,TRUE,,,,,,,,
mtn-94-400ml,,,,,,,,Solar Orange 9RV-50,mtn-94-400ml-9RV-50,,shopify,10,deny,manual,0.00,,TRUE,TRUE,,,,,,,,
mtn-94-400ml,,,,,,,,Tangerine 9RV-105,mtn-94-400ml-9RV-105,,shopify,10,deny,manual,0.00,,TRUE,TRUE,,,,,,,,
mtn-94-400ml,,,,,,,,Lava Orange 9RV-106,mtn-94-400ml-9RV-106,,shopify,10,deny,manual,0.00,,TRUE,TRUE,,,,,,,,
mtn-94-400ml,,,,,,,,Kalani Orange 9RV-2004,mtn-94-400ml-9RV-2004,,shopify,10,deny,manual,0.00,,TRUE,TRUE,,,,,,,,
mtn-94-400ml,,,,,,,,Mars Orange 9RV-107,mtn-94-400ml-9RV-107,,shopify,10,deny,manual,0.00,,TRUE,TRUE,,,,,,,,
mtn-94-400ml,,,,,,,,Phoenix Orange 9RV-108,mtn-94-400ml-9RV-108,,shopify,10,deny,manual,0.00,,TRUE,TRUE,,,,,,,,
mtn-94-400ml,,,,,,,,Malta White 9RV-190,mtn-94-400ml-9RV-190,,shopify,10,deny,manual,0.00,,TRUE,TRUE,,,,,,,,
mtn-94-400ml,,,,,,,,Bone White 9RV-1013,mtn-94-400ml-9RV-1013,,shopify,10,deny,manual,0.00,,TRUE,TRUE,,,,,,,,
mtn-94-400ml,,,,,,,,Safari Brown 9RV-135,mtn-94-400ml-9RV-135,,shopify,10,deny,manual,0.00,,TRUE,TRUE,,,,,,,,
mtn-94-400ml,,,,,,,,Inca Brown 9RV-136,mtn-94-400ml-9RV-136,,shopify,10,deny,manual,0.00,,TRUE,TRUE,,,,,,,,
mtn-94-400ml,,,,,,,,Kraft Brown 9RV-137,mtn-94-400ml-9RV-137,,shopify,10,deny,manual,0.00,,TRUE,TRUE,,,,,,,,
mtn-94-400ml,,,,,,,,Marrakech 9RV-138,mtn-94-400ml-9RV-138,,shopify,10,deny,manual,0.00,,TRUE,TRUE,,,,,,,,
mtn-94-400ml,,,,,,,,Sequoia Brown 9RV-139,mtn-94-400ml-9RV-139,,shopify,10,deny,manual,0.00,,TRUE,TRUE,,,,,,,,
mtn-94-400ml,,,,,,,,Mole Brown 9RV-140,mtn-94-400ml-9RV-140,,shopify,10,deny,manual,0.00,,TRUE,TRUE,,,,,,,,
mtn-94-400ml,,,,,,,,Gondola Brown 9RV-141,mtn-94-400ml-9RV-141,,shopify,10,deny,manual,0.00,,TRUE,TRUE,,,,,,,,
mtn-94-400ml,,,,,,,,Jaima Brown 9RV-191,mtn-94-400ml-9RV-191,,shopify,10,deny,manual,0.00,,TRUE,TRUE,,,,,,,,
mtn-94-400ml,,,,,,,,Dingo Brown 9RV-94,mtn-94-400ml-9RV-94,,shopify,10,deny,manual,0.00,,TRUE,TRUE,,,,,,,,
mtn-94-400ml,,,,,,,,Tana Brown 9RV-95,mtn-94-400ml-9RV-95,,shopify,10,deny,manual,0.00,,TRUE,TRUE,,,,,,,,
mtn-94-400ml,,,,,,,,Montserrat 9RV-96,mtn-94-400ml-9RV-96,,shopify,10,deny,manual,0.00,,TRUE,TRUE,,,,,,,,
mtn-94-400ml,,,,,,,,Chiapas Brown 9RV-97,mtn-94-400ml-9RV-97,,shopify,10,deny,manual,0.00,,TRUE,TRUE,,,,,,,,
mtn-94-400ml,,,,,,,,Bean Brown 9RV-98,mtn-94-400ml-9RV-98,,shopify,10,deny,manual,0.00,,TRUE,TRUE,,,,,,,,
mtn-94-400ml,,,,,,,,Coffee Brown 9RV-100,mtn-94-400ml-9RV-100,,shopify,10,deny,manual,0.00,,TRUE,TRUE,,,,,,,,
mtn-94-400ml,,,,,,,,Chocolate Brown 9RV-35,mtn-94-400ml-9RV-35,,shopify,10,deny,manual,0.00,,TRUE,TRUE,,,,,,,,
mtn-94-400ml,,,,,,,,Ebony Brown 9RV-101,mtn-94-400ml-9RV-101,,shopify,10,deny,manual,0.00,,TRUE,TRUE,,,,,,,,
mtn-94-400ml,,,,,,,,Chewing Gum 9RV-193,mtn-94-400ml-9RV-193,,shopify,10,deny,manual,0.00,,TRUE,TRUE,,,,,,,,
mtn-94-400ml,,,,,,,,Tutti Frutti 9RV-115,mtn-94-400ml-9RV-115,,shopify,10,deny,manual,0.00,,TRUE,TRUE,,,,,,,,
mtn-94-400ml,,,,,,,,Fever Red 9RV-3017,mtn-94-400ml-9RV-3017,,shopify,10,deny,manual,0.00,,TRUE,TRUE,,,,,,,,
mtn-94-400ml,,,,,,,,Blood Red 9RV-116,mtn-94-400ml-9RV-116,,shopify,10,deny,manual,0.00,,TRUE,TRUE,,,,,,,,
mtn-94-400ml,,,,,,,,Vivid Red 9RV-3001,mtn-94-400ml-9RV-3001,,shopify,10,deny,manual,0.00,,TRUE,TRUE,,,,,,,,
mtn-94-400ml,,,,,,,,Clandestine Red 9RV-47,mtn-94-400ml-9RV-47,,shopify,10,deny,manual,0.00,,TRUE,TRUE,,,,,,,,
mtn-94-400ml,,,,,,,,Bordeaux Red 9RV-3004,mtn-94-400ml-9RV-3004,,shopify,10,deny,manual,0.00,,TRUE,TRUE,,,,,,,,
mtn-94-400ml,,,,,,,,Cherokee Red 9RV-3007,mtn-94-400ml-9RV-3007,,shopify,10,deny,manual,0.00,,TRUE,TRUE,,,,,,,,
mtn-94-400ml,,,,,,,,Night Red 9RV-77,mtn-94-400ml-9RV-77,,shopify,10,deny,manual,0.00,,TRUE,TRUE,,,,,,,,
mtn-94-400ml,,,,,,,,Supernova Pink 9RV-194,mtn-94-400ml-9RV-194,,shopify,10,deny,manual,0.00,,TRUE,TRUE,,,,,,,,
mtn-94-400ml,,,,,,,,Tokyo Pink 9RV-164,mtn-94-400ml-9RV-164,,shopify,10,deny,manual,0.00,,TRUE,TRUE,,,,,,,,
mtn-94-400ml,,,,,,,,Orchid Pink 9RV-165,mtn-94-400ml-9RV-165,,shopify,10,deny,manual,0.00,,TRUE,TRUE,,,,,,,,
mtn-94-400ml,,,,,,,,Erika 9RV-4003,mtn-94-400ml-9RV-4003,,shopify,10,deny,manual,0.00,,TRUE,TRUE,,,,,,,,
mtn-94-400ml,,,,,,,,Magenta 9RV-4010,mtn-94-400ml-9RV-4010,,shopify,10,deny,manual,0.00,,TRUE,TRUE,,,,,,,,
mtn-94-400ml,,,,,,,,Acai Red 9RV-166,mtn-94-400ml-9RV-166,,shopify,10,deny,manual,0.00,,TRUE,TRUE,,,,,,,,
mtn-94-400ml,,,,,,,,Rioja Red 9RV-167,mtn-94-400ml-9RV-167,,shopify,10,deny,manual,0.00,,TRUE,TRUE,,,,,,,,
mtn-94-400ml,,,,,,,,Anger Red 9RV-168,mtn-94-400ml-9RV-168,,shopify,10,deny,manual,0.00,,TRUE,TRUE,,,,,,,,
mtn-94-400ml,,,,,,,,Taurus Red 9RV-169,mtn-94-400ml-9RV-169,,shopify,10,deny,manual,0.00,,TRUE,TRUE,,,,,,,,
mtn-94-400ml,,,,,,,,Saudade Pink 9RV-196,mtn-94-400ml-9RV-196,,shopify,10,deny,manual,0.00,,TRUE,TRUE,,,,,,,,
mtn-94-400ml,,,,,,,,Boreal Pink 9RV-86,mtn-94-400ml-9RV-86,,shopify,10,deny,manual,0.00,,TRUE,TRUE,,,,,,,,
mtn-94-400ml,,,,,,,,Stereo Pink 9RV-87,mtn-94-400ml-9RV-87,,shopify,10,deny,manual,0.00,,TRUE,TRUE,,,,,,,,
mtn-94-400ml,,,,,,,,Single Pink 9RV-88,mtn-94-400ml-9RV-88,,shopify,10,deny,manual,0.00,,TRUE,TRUE,,,,,,,,
mtn-94-400ml,,,,,,,,Compact Red 9RV-89,mtn-94-400ml-9RV-89,,shopify,10,deny,manual,0.00,,TRUE,TRUE,,,,,,,,
mtn-94-400ml,,,,,,,,Bitacora Red 9RV-90,mtn-94-400ml-9RV-90,,shopify,10,deny,manual,0.00,,TRUE,TRUE,,,,,,,,
mtn-94-400ml,,,,,,,,Pandora Red 9RV-91,mtn-94-400ml-9RV-91,,shopify,10,deny,manual,0.00,,TRUE,TRUE,,,,,,,,
mtn-94-400ml,,,,,,,,Gaudi Red 9RV-92,mtn-94-400ml-9RV-92,,shopify,10,deny,manual,0.00,,TRUE,TRUE,,,,,,,,
mtn-94-400ml,,,,,,,,Stendhal Red 9RV-93,mtn-94-400ml-9RV-93,,shopify,10,deny,manual,0.00,,TRUE,TRUE,,,,,,,,
mtn-94-400ml,,,,,,,,Penelope Brown 9RV-197,mtn-94-400ml-9RV-197,,shopify,10,deny,manual,0.00,,TRUE,TRUE,,,,,,,,
mtn-94-400ml,,,,,,,,Sensible Brown 9RV-176,mtn-94-400ml-9RV-176,,shopify,10,deny,manual,0.00,,TRUE,TRUE,,,,,,,,
mtn-94-400ml,,,,,,,,Oak Brown 9RV-203,mtn-94-400ml-9RV-203,,shopify,10,deny,manual,0.00,,TRUE,TRUE,,,,,,,,
mtn-94-400ml,,,,,,,,Interrail Brown 9RV-204,mtn-94-400ml-9RV-204,,shopify,10,deny,manual,0.00,,TRUE,TRUE,,,,,,,,
mtn-94-400ml,,,,,,,,Warrior Brown 9RV-205,mtn-94-400ml-9RV-205,,shopify,10,deny,manual,0.00,,TRUE,TRUE,,,,,,,,
mtn-94-400ml,,,,,,,,Plancton 9RV-200,mtn-94-400ml-9RV-200,,shopify,10,deny,manual,0.00,,TRUE,TRUE,,,,,,,,
mtn-94-400ml,,,,,,,,Respect Pink 9RV-64,mtn-94-400ml-9RV-64,,shopify,10,deny,manual,0.00,,TRUE,TRUE,,,,,,,,
mtn-94-400ml,,,,,,,,Scarlet Brown 9RV-201,mtn-94-400ml-9RV-201,,shopify,10,deny,manual,0.00,,TRUE,TRUE,,,,,,,,
mtn-94-400ml,,,,,,,,Mosquito Brown 9RV-202,mtn-94-400ml-9RV-202,,shopify,10,deny,manual,0.00,,TRUE,TRUE,,,,,,,,
mtn-94-400ml,,,,,,,,April Violet 9RV-321,mtn-94-400ml-9RV-321,,shopify,10,deny,manual,0.00,,TRUE,TRUE,,,,,,,,
mtn-94-400ml,,,,,,,,Shiva Violet 9RV-195,mtn-94-400ml-9RV-195,,shopify,10,deny,manual,0.00,,TRUE,TRUE,,,,,,,,
mtn-94-400ml,,,,,,,,Arlet Violet 9RV-322,mtn-94-400ml-9RV-322,,shopify,10,deny,manual,0.00,,TRUE,TRUE,,,,,,,,
mtn-94-400ml,,,,,,,,Persia Violet 9RV-170,mtn-94-400ml-9RV-170,,shopify,10,deny,manual,0.00,,TRUE,TRUE,,,,,,,,
mtn-94-400ml,,,,,,,,Mandala Violet 9RV-323,mtn-94-400ml-9RV-323,,shopify,10,deny,manual,0.00,,TRUE,TRUE,,,,,,,,
mtn-94-400ml,,,,,,,,Bishop Violet 9RV-276,mtn-94-400ml-9RV-276,,shopify,10,deny,manual,0.00,,TRUE,TRUE,,,,,,,,
mtn-94-400ml,,,,,,,,Raval Violet 9RV-275,mtn-94-400ml-9RV-275,,shopify,10,deny,manual,0.00,,TRUE,TRUE,,,,,,,,
mtn-94-400ml,,,,,,,,Sultan Violet 9RV-283,mtn-94-400ml-9RV-283,,shopify,10,deny,manual,0.00,,TRUE,TRUE,,,,,,,,
mtn-94-400ml,,,,,,,,Reverend Violet 9RV-274,mtn-94-400ml-9RV-274,,shopify,10,deny,manual,0.00,,TRUE,TRUE,,,,,,,,
mtn-94-400ml,,,,,,,,Republic Violet 9RV-310,mtn-94-400ml-9RV-310,,shopify,10,deny,manual,0.00,,TRUE,TRUE,,,,,,,,
mtn-94-400ml,,,,,,,,Woodstock Violet 9RV-311,mtn-94-400ml-9RV-311,,shopify,10,deny,manual,0.00,,TRUE,TRUE,,,,,,,,
mtn-94-400ml,,,,,,,,Community Violet 9RV-171,mtn-94-400ml-9RV-171,,shopify,10,deny,manual,0.00,,TRUE,TRUE,,,,,,,,
mtn-94-400ml,,,,,,,,Destiny Violet 9RV-172,mtn-94-400ml-9RV-172,,shopify,10,deny,manual,0.00,,TRUE,TRUE,,,,,,,,
mtn-94-400ml,,,,,,,,Ultraviolet 9RV-173,mtn-94-400ml-9RV-173,,shopify,10,deny,manual,0.00,,TRUE,TRUE,,,,,,,,
mtn-94-400ml,,,,,,,,Venus Violet 9RV-174,mtn-94-400ml-9RV-174,,shopify,10,deny,manual,0.00,,TRUE,TRUE,,,,,,,,
mtn-94-400ml,,,,,,,,Electra Violet 9RV-175,mtn-94-400ml-9RV-175,,shopify,10,deny,manual,0.00,,TRUE,TRUE,,,,,,,,
mtn-94-400ml,,,,,,,,Cosmos Violet 9RV-28,mtn-94-400ml-9RV-28,,shopify,10,deny,manual,0.00,,TRUE,TRUE,,,,,,,,
mtn-94-400ml,,,,,,,,Vampire Violet 9RV-27,mtn-94-400ml-9RV-27,,shopify,10,deny,manual,0.00,,TRUE,TRUE,,,,,,,,
mtn-94-400ml,,,,,,,,Sagan Blue 9RV-312,mtn-94-400ml-9RV-312,,shopify,10,deny,manual,0.00,,TRUE,TRUE,,,,,,,,
mtn-94-400ml,,,,,,,,Martinez Blue 9RV-313,mtn-94-400ml-9RV-313,,shopify,10,deny,manual,0.00,,TRUE,TRUE,,,,,,,,
mtn-94-400ml,,,,,,,,Rosemary Blue 9RV-314,mtn-94-400ml-9RV-314,,shopify,10,deny,manual,0.00,,TRUE,TRUE,,,,,,,,
mtn-94-400ml,,,,,,,,Dancer Blue 9RV-315,mtn-94-400ml-9RV-315,,shopify,10,deny,manual,0.00,,TRUE,TRUE,,,,,,,,
mtn-94-400ml,,,,,,,,Marseilles Blue 9RV-316,mtn-94-400ml-9RV-316,,shopify,10,deny,manual,0.00,,TRUE,TRUE,,,,,,,,
mtn-94-400ml,,,,,,,,Porto Blue 9RV-317,mtn-94-400ml-9RV-317,,shopify,10,deny,manual,0.00,,TRUE,TRUE,,,,,,,,
mtn-94-400ml,,,,,,,,Ween 9RV-318,mtn-94-400ml-9RV-318,,shopify,10,deny,manual,0.00,,TRUE,TRUE,,,,,,,,
mtn-94-400ml,,,,,,,,Tuareg Blue 9RV-319,mtn-94-400ml-9RV-319,,shopify,10,deny,manual,0.00,,TRUE,TRUE,,,,,,,,
mtn-black-book-sketchbook-120g-m,MTN Black Book SketchBook 120g/m²,"<p>Luvas, máscaras e itens de proteção e apoio pra quem pinta na rua ou no estúdio.</p><ul><li>Categoria: Acessórios</li></ul>",Montana Colors,Acessórios,Acessórios,TRUE,Cor,Padrão,mtn-black-book-sketchbook-120g-m,,shopify,10,deny,manual,59.00,,TRUE,TRUE,https://public-delta-lyart-86.vercel.app/img/produtos/mtn-black-book-sketchbook-120g-m.jpg,1,MTN Black Book SketchBook 120g/m²,FALSE,MTN Black Book SketchBook 120g/m² | Dona Bomba,"Luvas, máscaras e itens de proteção e apoio pra quem pinta na rua ou no estúdio.",kg,active
mtn-hardcore-400ml,MTN Hardcore 400ML,"<p>Tintas spray de alta cobertura pra grafite, arte urbana e customização. Secagem rápida, baixa pressão e cartela de cores extensa. Cores aproximadas — a cor exata pode variar de tela pra tela.</p><ul><li>Cores: 141 cores</li><li>Acabamento: Brilhante</li><li>Capacidade: 400ml</li></ul>",Montana Colors,Sprays,Sprays,TRUE,Cor,Black HRV-9011,mtn-hardcore-400ml-HRV-9011,,shopify,10,deny,manual,35.00,,TRUE,TRUE,,,MTN Hardcore 400ML,FALSE,MTN Hardcore 400ML | Dona Bomba,"Tintas spray de alta cobertura pra grafite, arte urbana e customização. Secagem rápida, baixa pressão e cartela de cores extensa. Cores aproximadas — a cor e...",kg,active
mtn-hardcore-400ml,,,,,,,,Satin Black,mtn-hardcore-400ml-satin-black,,shopify,10,deny,manual,35.00,,TRUE,TRUE,,,,,,,,
mtn-hardcore-400ml,,,,,,,,Matte Black,mtn-hardcore-400ml-matte-black,,shopify,10,deny,manual,35.00,,TRUE,TRUE,,,,,,,,
mtn-hardcore-400ml,,,,,,,,White HRV-9010,mtn-hardcore-400ml-HRV-9010,,shopify,10,deny,manual,35.00,,TRUE,TRUE,,,,,,,,
mtn-hardcore-400ml,,,,,,,,Satin White,mtn-hardcore-400ml-satin-white,,shopify,10,deny,manual,35.00,,TRUE,TRUE,,,,,,,,
mtn-hardcore-400ml,,,,,,,,Matte White,mtn-hardcore-400ml-matte-white,,shopify,10,deny,manual,35.00,,TRUE,TRUE,,,,,,,,
mtn-hardcore-400ml,,,,,,,,Unicorn Yellow HRV-252,mtn-hardcore-400ml-HRV-252,,shopify,10,deny,manual,35.00,,TRUE,TRUE,,,,,,,,
mtn-hardcore-400ml,,,,,,,,Beach Yellow HRV-222,mtn-hardcore-400ml-HRV-222,,shopify,10,deny,manual,35.00,,TRUE,TRUE,,,,,,,,
mtn-hardcore-400ml,,,,,,,,Cream HRV-7,mtn-hardcore-400ml-HRV-7,,shopify,10,deny,manual,35.00,,TRUE,TRUE,,,,,,,,
mtn-hardcore-400ml,,,,,,,,Party Yellow HRV-20,mtn-hardcore-400ml-HRV-20,,shopify,10,deny,manual,35.00,,TRUE,TRUE,,,,,,,,
mtn-hardcore-400ml,,,,,,,,Light Yellow HRV-1021,mtn-hardcore-400ml-HRV-1021,,shopify,10,deny,manual,35.00,,TRUE,TRUE,,,,,,,,
mtn-hardcore-400ml,,,,,,,,Luxor Yellow HRV-239,mtn-hardcore-400ml-HRV-239,,shopify,10,deny,manual,35.00,,TRUE,TRUE,,,,,,,,
mtn-hardcore-400ml,,,,,,,,Ganges Yellow HRV-11,mtn-hardcore-400ml-HRV-11,,shopify,10,deny,manual,35.00,,TRUE,TRUE,,,,,,,,
mtn-hardcore-400ml,,,,,,,,Atacama Yellow HRV-206,mtn-hardcore-400ml-HRV-206,,shopify,10,deny,manual,35.00,,TRUE,TRUE,,,,,,,,
mtn-hardcore-400ml,,,,,,,,Peach HRV-1017,mtn-hardcore-400ml-HRV-1017,,shopify,10,deny,manual,35.00,,TRUE,TRUE,,,,,,,,
mtn-hardcore-400ml,,,,,,,,Medium Yellow HRV-1028,mtn-hardcore-400ml-HRV-1028,,shopify,10,deny,manual,35.00,,TRUE,TRUE,,,,,,,,
mtn-hardcore-400ml,,,,,,,,Mango HRV-207,mtn-hardcore-400ml-HRV-207,,shopify,10,deny,manual,35.00,,TRUE,TRUE,,,,,,,,
mtn-hardcore-400ml,,,,,,,,Mustard HRV-8023,mtn-hardcore-400ml-HRV-8023,,shopify,10,deny,manual,35.00,,TRUE,TRUE,,,,,,,,
mtn-hardcore-400ml,,,,,,,,Rust Red HRV-18,mtn-hardcore-400ml-HRV-18,,shopify,10,deny,manual,35.00,,TRUE,TRUE,,,,,,,,
mtn-hardcore-400ml,,,,,,,,Apricot HRV-9,mtn-hardcore-400ml-HRV-9,,shopify,10,deny,manual,35.00,,TRUE,TRUE,,,,,,,,
mtn-hardcore-400ml,,,,,,,,Pumpkin HRV-208,mtn-hardcore-400ml-HRV-208,,shopify,10,deny,manual,35.00,,TRUE,TRUE,,,,,,,,
mtn-hardcore-400ml,,,,,,,,Pastel Orange HRV-2003,mtn-hardcore-400ml-HRV-2003,,shopify,10,deny,manual,35.00,,TRUE,TRUE,,,,,,,,
mtn-hardcore-400ml,,,,,,,,Orange HRV-2004,mtn-hardcore-400ml-HRV-2004,,shopify,10,deny,manual,35.00,,TRUE,TRUE,,,,,,,,
mtn-hardcore-400ml,,,,,,,,Calcutta Orange HRV-209,mtn-hardcore-400ml-HRV-209,,shopify,10,deny,manual,35.00,,TRUE,TRUE,,,,,,,,
mtn-hardcore-400ml,,,,,,,,Prometheus Orange HRV-210,mtn-hardcore-400ml-HRV-210,,shopify,10,deny,manual,35.00,,TRUE,TRUE,,,,,,,,
mtn-hardcore-400ml,,,,,,,,Iroko Red HRV-260,mtn-hardcore-400ml-HRV-260,,shopify,10,deny,manual,35.00,,TRUE,TRUE,,,,,,,,
mtn-hardcore-400ml,,,,,,,,Flamingo HRV-259,mtn-hardcore-400ml-HRV-259,,shopify,10,deny,manual,35.00,,TRUE,TRUE,,,,,,,,
mtn-hardcore-400ml,,,,,,,,Colorado Red HRV-33,mtn-hardcore-400ml-HRV-33,,shopify,10,deny,manual,35.00,,TRUE,TRUE,,,,,,,,
mtn-hardcore-400ml,,,,,,,,Light Red HRV-3020,mtn-hardcore-400ml-HRV-3020,,shopify,10,deny,manual,35.00,,TRUE,TRUE,,,,,,,,
mtn-hardcore-400ml,,,,,,,,Vivid Red HRV-3001,mtn-hardcore-400ml-HRV-3001,,shopify,10,deny,manual,35.00,,TRUE,TRUE,,,,,,,,
mtn-hardcore-400ml,,,,,,,,Madrid Red HRV-241,mtn-hardcore-400ml-HRV-241,,shopify,10,deny,manual,35.00,,TRUE,TRUE,,,,,,,,
mtn-hardcore-400ml,,,,,,,,Soviet Red HRV-242,mtn-hardcore-400ml-HRV-242,,shopify,10,deny,manual,35.00,,TRUE,TRUE,,,,,,,,
mtn-hardcore-400ml,,,,,,,,Bordeaux Red HRV-3004,mtn-hardcore-400ml-HRV-3004,,shopify,10,deny,manual,35.00,,TRUE,TRUE,,,,,,,,
mtn-hardcore-400ml,,,,,,,,Alice Pink HRV-348,mtn-hardcore-400ml-HRV-348,,shopify,10,deny,manual,35.00,,TRUE,TRUE,,,,,,,,
mtn-hardcore-400ml,,,,,,,,Manga Pink HRV-258,mtn-hardcore-400ml-HRV-258,,shopify,10,deny,manual,35.00,,TRUE,TRUE,,,,,,,,
mtn-hardcore-400ml,,,,,,,,Love Pink HRV-211,mtn-hardcore-400ml-HRV-211,,shopify,10,deny,manual,35.00,,TRUE,TRUE,,,,,,,,
mtn-hardcore-400ml,,,,,,,,Erika HRV-4003,mtn-hardcore-400ml-HRV-4003,,shopify,10,deny,manual,35.00,,TRUE,TRUE,,,,,,,,
mtn-hardcore-400ml,,,,,,,,Magenta HRV-4010,mtn-hardcore-400ml-HRV-4010,,shopify,10,deny,manual,35.00,,TRUE,TRUE,,,,,,,,
mtn-hardcore-400ml,,,,,,,,Akari Red HRV-212,mtn-hardcore-400ml-HRV-212,,shopify,10,deny,manual,35.00,,TRUE,TRUE,,,,,,,,
mtn-hardcore-400ml,,,,,,,,Merlot Red HRV-213,mtn-hardcore-400ml-HRV-213,,shopify,10,deny,manual,35.00,,TRUE,TRUE,,,,,,,,
mtn-hardcore-400ml,,,,,,,,Treze Violet HRV-349,mtn-hardcore-400ml-HRV-349,,shopify,10,deny,manual,35.00,,TRUE,TRUE,,,,,,,,
mtn-hardcore-400ml,,,,,,,,Princess Violet HRV-257,mtn-hardcore-400ml-HRV-257,,shopify,10,deny,manual,35.00,,TRUE,TRUE,,,,,,,,
mtn-hardcore-400ml,,,,,,,,Witch Violet HRV-224,mtn-hardcore-400ml-HRV-224,,shopify,10,deny,manual,35.00,,TRUE,TRUE,,,,,,,,
mtn-hardcore-400ml,,,,,,,,Geisha Violet HRV-225,mtn-hardcore-400ml-HRV-225,,shopify,10,deny,manual,35.00,,TRUE,TRUE,,,,,,,,
mtn-hardcore-400ml,,,,,,,,Pure Purple HRV-350,mtn-hardcore-400ml-HRV-350,,shopify,10,deny,manual,35.00,,TRUE,TRUE,,,,,,,,
mtn-hardcore-400ml,,,,,,,,Tube Violet HRV-226,mtn-hardcore-400ml-HRV-226,,shopify,10,deny,manual,35.00,,TRUE,TRUE,,,,,,,,
mtn-hardcore-400ml,,,,,,,,Cherry HRV-4007,mtn-hardcore-400ml-HRV-4007,,shopify,10,deny,manual,35.00,,TRUE,TRUE,,,,,,,,
mtn-hardcore-400ml,,,,,,,,Malva HRV-256,mtn-hardcore-400ml-HRV-256,,shopify,10,deny,manual,35.00,,TRUE,TRUE,,,,,,,,
mtn-hardcore-400ml,,,,,,,,Violet HRV-214,mtn-hardcore-400ml-HRV-214,,shopify,10,deny,manual,35.00,,TRUE,TRUE,,,,,,,,
mtn-hardcore-400ml,,,,,,,,Prophet Violet HRV-215,mtn-hardcore-400ml-HRV-215,,shopify,10,deny,manual,35.00,,TRUE,TRUE,,,,,,,,
mtn-hardcore-400ml,,,,,,,,Blue Violet HRV-3,mtn-hardcore-400ml-HRV-3,,shopify,10,deny,manual,35.00,,TRUE,TRUE,,,,,,,,
mtn-hardcore-400ml,,,,,,,,Anonymous Violet HRV-216,mtn-hardcore-400ml-HRV-216,,shopify,10,deny,manual,35.00,,TRUE,TRUE,,,,,,,,
mtn-hardcore-400ml,,,,,,,,Galaxy Violet HRV-264,mtn-hardcore-400ml-HRV-264,,shopify,10,deny,manual,35.00,,TRUE,TRUE,,,,,,,,
mtn-hardcore-400ml,,,,,,,,Vampire Violet HRV-27,mtn-hardcore-400ml-HRV-27,,shopify,10,deny,manual,35.00,,TRUE,TRUE,,,,,,,,
mtn-hardcore-400ml,,,,,,,,Aurora Blue HRV-73,mtn-hardcore-400ml-HRV-73,,shopify,10,deny,manual,35.00,,TRUE,TRUE,,,,,,,,
mtn-hardcore-400ml,,,,,,,,Hortensia Blue HRV-351,mtn-hardcore-400ml-HRV-351,,shopify,10,deny,manual,35.00,,TRUE,TRUE,,,,,,,,
mtn-hardcore-400ml,,,,,,,,Gala Blue HRV-352,mtn-hardcore-400ml-HRV-352,,shopify,10,deny,manual,35.00,,TRUE,TRUE,,,,,,,,
mtn-hardcore-400ml,,,,,,,,Julione Blue HRV-353,mtn-hardcore-400ml-HRV-353,,shopify,10,deny,manual,35.00,,TRUE,TRUE,,,,,,,,
mtn-hardcore-400ml,,,,,,,,Babylon Blue HRV-243,mtn-hardcore-400ml-HRV-243,,shopify,10,deny,manual,35.00,,TRUE,TRUE,,,,,,,,
mtn-hardcore-400ml,,,,,,,,Lewis Blue HRV-32,mtn-hardcore-400ml-HRV-32,,shopify,10,deny,manual,35.00,,TRUE,TRUE,,,,,,,,
mtn-hardcore-400ml,,,,,,,,Universe Blue HRV-354,mtn-hardcore-400ml-HRV-354,,shopify,10,deny,manual,35.00,,TRUE,TRUE,,,,,,,,
mtn-hardcore-400ml,,,,,,,,Costa Brava Blue HRV-74,mtn-hardcore-400ml-HRV-74,,shopify,10,deny,manual,35.00,,TRUE,TRUE,,,,,,,,
mtn-hardcore-400ml,,,,,,,,Waimea Blue HRV-227,mtn-hardcore-400ml-HRV-227,,shopify,10,deny,manual,35.00,,TRUE,TRUE,,,,,,,,
mtn-hardcore-400ml,,,,,,,,Zeppelin Blue HRV-228,mtn-hardcore-400ml-HRV-228,,shopify,10,deny,manual,35.00,,TRUE,TRUE,,,,,,,,
mtn-hardcore-400ml,,,,,,,,Andromeda Blue HRV-229,mtn-hardcore-400ml-HRV-229,,shopify,10,deny,manual,35.00,,TRUE,TRUE,,,,,,,,
mtn-hardcore-400ml,,,,,,,,Ultramarine Blue HRV-5002,mtn-hardcore-400ml-HRV-5002,,shopify,10,deny,manual,35.00,,TRUE,TRUE,,,,,,,,
mtn-hardcore-400ml,,,,,,,,Leviathan Blue HRV-230,mtn-hardcore-400ml-HRV-230,,shopify,10,deny,manual,35.00,,TRUE,TRUE,,,,,,,,
mtn-hardcore-400ml,,,,,,,,Nostromo Blue HRV-75,mtn-hardcore-400ml-HRV-75,,shopify,10,deny,manual,35.00,,TRUE,TRUE,,,,,,,,
mtn-hardcore-400ml,,,,,,,,Himalayan Blue HRV-13,mtn-hardcore-400ml-HRV-13,,shopify,10,deny,manual,35.00,,TRUE,TRUE,,,,,,,,
mtn-hardcore-400ml,,,,,,,,Arctic Blue HRV-29,mtn-hardcore-400ml-HRV-29,,shopify,10,deny,manual,35.00,,TRUE,TRUE,,,,,,,,
mtn-hardcore-400ml,,,,,,,,Light Blue HRV-8,mtn-hardcore-400ml-HRV-8,,shopify,10,deny,manual,35.00,,TRUE,TRUE,,,,,,,,
mtn-hardcore-400ml,,,,,,,,Avatar Blue HRV-217,mtn-hardcore-400ml-HRV-217,,shopify,10,deny,manual,35.00,,TRUE,TRUE,,,,,,,,
mtn-hardcore-400ml,,,,,,,,Electric Blue HRV-30,mtn-hardcore-400ml-HRV-30,,shopify,10,deny,manual,35.00,,TRUE,TRUE,,,,,,,,
mtn-hardcore-400ml,,,,,,,,Dark Blue HRV-5005,mtn-hardcore-400ml-HRV-5005,,shopify,10,deny,manual,35.00,,TRUE,TRUE,,,,,,,,
mtn-hardcore-400ml,,,,,,,,Neptune Blue HRV-218,mtn-hardcore-400ml-HRV-218,,shopify,10,deny,manual,35.00,,TRUE,TRUE,,,,,,,,
mtn-hardcore-400ml,,,,,,,,Fukushima Blue HRV-355,mtn-hardcore-400ml-HRV-355,,shopify,10,deny,manual,35.00,,TRUE,TRUE,,,,,,,,
mtn-hardcore-400ml,,,,,,,,Patagonia Blue HRV-255,mtn-hardcore-400ml-HRV-255,,shopify,10,deny,manual,35.00,,TRUE,TRUE,,,,,,,,
mtn-hardcore-400ml,,,,,,,,Cousteau Blue HRV-231,mtn-hardcore-400ml-HRV-231,,shopify,10,deny,manual,35.00,,TRUE,TRUE,,,,,,,,
mtn-hardcore-400ml,,,,,,,,Glacier Blue HRV-232,mtn-hardcore-400ml-HRV-232,,shopify,10,deny,manual,35.00,,TRUE,TRUE,,,,,,,,
mtn-hardcore-400ml,,,,,,,,Planet Blue HRV-14,mtn-hardcore-400ml-HRV-14,,shopify,10,deny,manual,35.00,,TRUE,TRUE,,,,,,,,
mtn-hardcore-400ml,,,,,,,,Christiania Blue HRV-233,mtn-hardcore-400ml-HRV-233,,shopify,10,deny,manual,35.00,,TRUE,TRUE,,,,,,,,
mtn-hardcore-400ml,,,,,,,,Indigo Blue HRV-234,mtn-hardcore-400ml-HRV-234,,shopify,10,deny,manual,35.00,,TRUE,TRUE,,,,,,,,
mtn-hardcore-400ml,,,,,,,,Vintage Blue HRV-356,mtn-hardcore-400ml-HRV-356,,shopify,10,deny,manual,35.00,,TRUE,TRUE,,,,,,,,
mtn-hardcore-400ml,,,,,,,,Iceberg Blue HRV-357,mtn-hardcore-400ml-HRV-357,,shopify,10,deny,manual,35.00,,TRUE,TRUE,,,,,,,,
mtn-hardcore-400ml,,,,,,,,Waterlily Blue HRV-358,mtn-hardcore-400ml-HRV-358,,shopify,10,deny,manual,35.00,,TRUE,TRUE,,,,,,,,
mtn-hardcore-400ml,,,,,,,,Mururoa Blue HRV-359,mtn-hardcore-400ml-HRV-359,,shopify,10,deny,manual,35.00,,TRUE,TRUE,,,,,,,,
mtn-hardcore-400ml,,,,,,,,Caribbean Blue HRV-5021,mtn-hardcore-400ml-HRV-5021,,shopify,10,deny,manual,35.00,,TRUE,TRUE,,,,,,,,
mtn-hardcore-400ml,,,,,,,,Major Blue HRV-360,mtn-hardcore-400ml-HRV-360,,shopify,10,deny,manual,35.00,,TRUE,TRUE,,,,,,,,
mtn-hardcore-400ml,,,,,,,,Ocean Blue HRV-5020,mtn-hardcore-400ml-HRV-5020,,shopify,10,deny,manual,35.00,,TRUE,TRUE,,,,,,,,
mtn-hardcore-400ml,,,,,,,,Potosi Green HRV-361,mtn-hardcore-400ml-HRV-361,,shopify,10,deny,manual,35.00,,TRUE,TRUE,,,,,,,,
mtn-hardcore-400ml,,,,,,,,Max Green HRV-254,mtn-hardcore-400ml-HRV-254,,shopify,10,deny,manual,35.00,,TRUE,TRUE,,,,,,,,
mtn-hardcore-400ml,,,,,,,,Paris Green HRV-219,mtn-hardcore-400ml-HRV-219,,shopify,10,deny,manual,35.00,,TRUE,TRUE,,,,,,,,
mtn-hardcore-400ml,,,,,,,,UFO Green HRV-220,mtn-hardcore-400ml-HRV-220,,shopify,10,deny,manual,35.00,,TRUE,TRUE,,,,,,,,
mtn-hardcore-400ml,,,,,,,,Surgical Green HRV-21,mtn-hardcore-400ml-HRV-21,,shopify,10,deny,manual,35.00,,TRUE,TRUE,,,,,,,,
mtn-hardcore-400ml,,,,,,,,Dark Green HRV-6016,mtn-hardcore-400ml-HRV-6016,,shopify,10,deny,manual,35.00,,TRUE,TRUE,,,,,,,,
mtn-hardcore-400ml,,,,,,,,Persephone Green HRV-221,mtn-hardcore-400ml-HRV-221,,shopify,10,deny,manual,35.00,,TRUE,TRUE,,,,,,,,
mtn-hardcore-400ml,,,,,,,,Golden Green HRV-24,mtn-hardcore-400ml-HRV-24,,shopify,10,deny,manual,35.00,,TRUE,TRUE,,,,,,,,
mtn-hardcore-400ml,,,,,,,,Light Green HRV-4,mtn-hardcore-400ml-HRV-4,,shopify,10,deny,manual,35.00,,TRUE,TRUE,,,,,,,,
mtn-hardcore-400ml,,,,,,,,Guacamole Green HRV-34,mtn-hardcore-400ml-HRV-34,,shopify,10,deny,manual,35.00,,TRUE,TRUE,,,,,,,,
mtn-hardcore-400ml,,,,,,,,Valley Green HRV-6018,mtn-hardcore-400ml-HRV-6018,,shopify,10,deny,manual,35.00,,TRUE,TRUE,,,,,,,,
nou-colors-400ml,NOU Colors 400ML,"<p>Tintas spray de alta cobertura pra grafite, arte urbana e customização. Secagem rápida, baixa pressão e cartela de cores extensa. Cores aproximadas — a cor exata pode variar de tela pra tela.</p><ul><li>Cores: 142 cores</li><li>Acabamento: Brilhante</li><li>Capacidade: 400ml</li></ul>",NOU,Sprays,Sprays,TRUE,Cor,Creme 70001,nou-colors-400ml-70001,,shopify,10,deny,manual,29.00,,TRUE,TRUE,https://public-delta-lyart-86.vercel.app/img/produtos/spray-preto-nou-colors-70049.jpg,1,NOU Colors 400ML,FALSE,NOU Colors 400ML | Dona Bomba,"Tintas spray de alta cobertura pra grafite, arte urbana e customização. Secagem rápida, baixa pressão e cartela de cores extensa. Cores aproximadas — a cor e...",kg,active
nou-colors-400ml,,,,,,,,Amarelo Ming 70002,nou-colors-400ml-70002,,shopify,10,deny,manual,29.00,,TRUE,TRUE,,,,,,,,
nou-colors-400ml,,,,,,,,Amarelo Festa 70003,nou-colors-400ml-70003,,shopify,10,deny,manual,29.00,,TRUE,TRUE,,,,,,,,
nou-colors-400ml,,,,,,,,Amarelo Claro 70004,nou-colors-400ml-70004,,shopify,10,deny,manual,29.00,,TRUE,TRUE,,,,,,,,
nou-colors-400ml,,,,,,,,Amarelo MéDio 70005,nou-colors-400ml-70005,,shopify,10,deny,manual,29.00,,TRUE,TRUE,,,,,,,,
nou-colors-400ml,,,,,,,,CanáRio 70205,nou-colors-400ml-70205,,shopify,10,deny,manual,29.00,,TRUE,TRUE,,,,,,,,
nou-colors-400ml,,,,,,,,Amarelo 70206,nou-colors-400ml-70206,,shopify,10,deny,manual,29.00,,TRUE,TRUE,,,,,,,,
nou-colors-400ml,,,,,,,,Amarelo EléTrico 70207,nou-colors-400ml-70207,,shopify,10,deny,manual,29.00,,TRUE,TRUE,,,,,,,,
nou-colors-400ml,,,,,,,,Laranja Solar 70006,nou-colors-400ml-70006,,shopify,10,deny,manual,29.00,,TRUE,TRUE,,,,,,,,
nou-colors-400ml,,,,,,,,Laranja None 70007,nou-colors-400ml-70007,,shopify,10,deny,manual,29.00,,TRUE,TRUE,,,,,,,,
nou-colors-400ml,,,,,,,,Caramelo 70008,nou-colors-400ml-70008,,shopify,10,deny,manual,29.00,,TRUE,TRUE,,,,,,,,
nou-colors-400ml,,,,,,,,Papaya 70220,nou-colors-400ml-70220,,shopify,10,deny,manual,29.00,,TRUE,TRUE,,,,,,,,
nou-colors-400ml,,,,,,,,Laranja Eco 70208,nou-colors-400ml-70208,,shopify,10,deny,manual,29.00,,TRUE,TRUE,,,,,,,,
nou-colors-400ml,,,,,,,,Pele 70278,nou-colors-400ml-70278,,shopify,10,deny,manual,29.00,,TRUE,TRUE,,,,,,,,
nou-colors-400ml,,,,,,,,Laranja Luminoso 70043,nou-colors-400ml-70043,,shopify,10,deny,manual,29.00,,TRUE,TRUE,,,,,,,,
nou-colors-400ml,,,,,,,,Maravilha Luminoso 70044,nou-colors-400ml-70044,,shopify,10,deny,manual,29.00,,TRUE,TRUE,,,,,,,,
nou-colors-400ml,,,,,,,,Vermelho Luminoso 70270,nou-colors-400ml-70270,,shopify,10,deny,manual,29.00,,TRUE,TRUE,,,,,,,,
nou-colors-400ml,,,,,,,,Laranja Bahia 70274,nou-colors-400ml-70274,,shopify,10,deny,manual,29.00,,TRUE,TRUE,,,,,,,,
nou-colors-400ml,,,,,,,,Vermelho 70009,nou-colors-400ml-70009,,shopify,10,deny,manual,29.00,,TRUE,TRUE,,,,,,,,
nou-colors-400ml,,,,,,,,Vermelho Rubi 70010,nou-colors-400ml-70010,,shopify,10,deny,manual,29.00,,TRUE,TRUE,,,,,,,,
nou-colors-400ml,,,,,,,,Vermelho Bordô 70011,nou-colors-400ml-70011,,shopify,10,deny,manual,29.00,,TRUE,TRUE,,,,,,,,
nou-colors-400ml,,,,,,,,Goiaba 70223,nou-colors-400ml-70223,,shopify,10,deny,manual,29.00,,TRUE,TRUE,,,,,,,,
nou-colors-400ml,,,,,,,,Vermelho Blood 70224,nou-colors-400ml-70224,,shopify,10,deny,manual,29.00,,TRUE,TRUE,,,,,,,,
nou-colors-400ml,,,,,,,,Vermelho óXido 70277,nou-colors-400ml-70277,,shopify,10,deny,manual,29.00,,TRUE,TRUE,,,,,,,,
nou-colors-400ml,,,,,,,,Rosa Ioiô 70229,nou-colors-400ml-70229,,shopify,10,deny,manual,29.00,,TRUE,TRUE,,,,,,,,
nou-colors-400ml,,,,,,,,Vermelho Ira 70272,nou-colors-400ml-70272,,shopify,10,deny,manual,29.00,,TRUE,TRUE,,,,,,,,
nou-colors-400ml,,,,,,,,Vermelho Café 70012,nou-colors-400ml-70012,,shopify,10,deny,manual,29.00,,TRUE,TRUE,,,,,,,,
nou-colors-400ml,,,,,,,,Vermelho Transparente 70051,nou-colors-400ml-70051,,shopify,10,deny,manual,29.00,,TRUE,TRUE,,,,,,,,
nou-colors-400ml,,,,,,,,Violeta Puro 70279,nou-colors-400ml-70279,,shopify,10,deny,manual,29.00,,TRUE,TRUE,,,,,,,,
nou-colors-400ml,,,,,,,,AçAí 70234,nou-colors-400ml-70234,,shopify,10,deny,manual,29.00,,TRUE,TRUE,,,,,,,,
nou-colors-400ml,,,,,,,,Beterraba 70241,nou-colors-400ml-70241,,shopify,10,deny,manual,29.00,,TRUE,TRUE,,,,,,,,
nou-colors-400ml,,,,,,,,Framboesa 70228,nou-colors-400ml-70228,,shopify,10,deny,manual,29.00,,TRUE,TRUE,,,,,,,,
nou-colors-400ml,,,,,,,,OrquíDea 70232,nou-colors-400ml-70232,,shopify,10,deny,manual,29.00,,TRUE,TRUE,,,,,,,,
nou-colors-400ml,,,,,,,,Rosa Uau 70233,nou-colors-400ml-70233,,shopify,10,deny,manual,29.00,,TRUE,TRUE,,,,,,,,
nou-colors-400ml,,,,,,,,Rosa Boneca 70226,nou-colors-400ml-70226,,shopify,10,deny,manual,29.00,,TRUE,TRUE,,,,,,,,
nou-colors-400ml,,,,,,,,RosáLia 70227,nou-colors-400ml-70227,,shopify,10,deny,manual,29.00,,TRUE,TRUE,,,,,,,,
nou-colors-400ml,,,,,,,,Rosa Antigo 70240,nou-colors-400ml-70240,,shopify,10,deny,manual,29.00,,TRUE,TRUE,,,,,,,,
nou-colors-400ml,,,,,,,,Rosa Magenta 70014,nou-colors-400ml-70014,,shopify,10,deny,manual,29.00,,TRUE,TRUE,,,,,,,,
nou-colors-400ml,,,,,,,,Rosa PaixãO 70013,nou-colors-400ml-70013,,shopify,10,deny,manual,29.00,,TRUE,TRUE,,,,,,,,
nou-colors-400ml,,,,,,,,Rosa Bebê 70231,nou-colors-400ml-70231,,shopify,10,deny,manual,29.00,,TRUE,TRUE,,,,,,,,
nou-colors-400ml,,,,,,,,Rosa Boreal 70239,nou-colors-400ml-70239,,shopify,10,deny,manual,29.00,,TRUE,TRUE,,,,,,,,
nou-colors-400ml,,,,,,,,Marrom SensíVel 70243,nou-colors-400ml-70243,,shopify,10,deny,manual,29.00,,TRUE,TRUE,,,,,,,,
nou-colors-400ml,,,,,,,,Rosa Leve 70244,nou-colors-400ml-70244,,shopify,10,deny,manual,29.00,,TRUE,TRUE,,,,,,,,
nou-colors-400ml,,,,,,,,Plancton 70245,nou-colors-400ml-70245,,shopify,10,deny,manual,29.00,,TRUE,TRUE,,,,,,,,
nou-colors-400ml,,,,,,,,Violeta Shiva 70235,nou-colors-400ml-70235,,shopify,10,deny,manual,29.00,,TRUE,TRUE,,,,,,,,
nou-colors-400ml,,,,,,,,PenéLope 70238,nou-colors-400ml-70238,,shopify,10,deny,manual,29.00,,TRUE,TRUE,,,,,,,,
nou-colors-400ml,,,,,,,,Rosa Tricô 70230,nou-colors-400ml-70230,,shopify,10,deny,manual,29.00,,TRUE,TRUE,,,,,,,,
nou-colors-400ml,,,,,,,,Rosa Supernova 70225,nou-colors-400ml-70225,,shopify,10,deny,manual,29.00,,TRUE,TRUE,,,,,,,,
nou-colors-400ml,,,,,,,,Violeta PáLido 70016,nou-colors-400ml-70016,,shopify,10,deny,manual,29.00,,TRUE,TRUE,,,,,,,,
nou-colors-400ml,,,,,,,,Violeta 70017,nou-colors-400ml-70017,,shopify,10,deny,manual,29.00,,TRUE,TRUE,,,,,,,,
nou-colors-400ml,,,,,,,,LiláS 70015,nou-colors-400ml-70015,,shopify,10,deny,manual,29.00,,TRUE,TRUE,,,,,,,,
nou-colors-400ml,,,,,,,,Violeta Luminoso 70273,nou-colors-400ml-70273,,shopify,10,deny,manual,29.00,,TRUE,TRUE,,,,,,,,
nou-colors-400ml,,,,,,,,Taurus 70242,nou-colors-400ml-70242,,shopify,10,deny,manual,29.00,,TRUE,TRUE,,,,,,,,
nou-colors-400ml,,,,,,,,Violeta Cosmos 70236,nou-colors-400ml-70236,,shopify,10,deny,manual,29.00,,TRUE,TRUE,,,,,,,,
nou-colors-400ml,,,,,,,,Violeta Vampiro 70237,nou-colors-400ml-70237,,shopify,10,deny,manual,29.00,,TRUE,TRUE,,,,,,,,
nou-colors-400ml,,,,,,,,Azul Bis 70264,nou-colors-400ml-70264,,shopify,10,deny,manual,29.00,,TRUE,TRUE,,,,,,,,
nou-colors-400ml,,,,,,,,Violeta Azulado 70018,nou-colors-400ml-70018,,shopify,10,deny,manual,29.00,,TRUE,TRUE,,,,,,,,
nou-colors-400ml,,,,,,,,Azul Navy 70262,nou-colors-400ml-70262,,shopify,10,deny,manual,29.00,,TRUE,TRUE,,,,,,,,
nou-colors-400ml,,,,,,,,Azul Ultra 70019,nou-colors-400ml-70019,,shopify,10,deny,manual,29.00,,TRUE,TRUE,,,,,,,,
nou-colors-400ml,,,,,,,,Azul Luminoso 70271,nou-colors-400ml-70271,,shopify,10,deny,manual,29.00,,TRUE,TRUE,,,,,,,,
nou-colors-400ml,,,,,,,,Azul Lewis 70020,nou-colors-400ml-70020,,shopify,10,deny,manual,29.00,,TRUE,TRUE,,,,,,,,
nou-colors-400ml,,,,,,,,Azul Transparente 70053,nou-colors-400ml-70053,,shopify,10,deny,manual,29.00,,TRUE,TRUE,,,,,,,,
nou-colors-400ml,,,,,,,,Azul Europa 70281,nou-colors-400ml-70281,,shopify,10,deny,manual,29.00,,TRUE,TRUE,,,,,,,,
nou-colors-400ml,,,,,,,,Azul Eureka 70261,nou-colors-400ml-70261,,shopify,10,deny,manual,29.00,,TRUE,TRUE,,,,,,,,
nou-colors-400ml,,,,,,,,Azul OdisséIa 70260,nou-colors-400ml-70260,,shopify,10,deny,manual,29.00,,TRUE,TRUE,,,,,,,,
nou-colors-400ml,,,,,,,,Azul AtlâNtico 70021,nou-colors-400ml-70021,,shopify,10,deny,manual,29.00,,TRUE,TRUE,,,,,,,,
nou-colors-400ml,,,,,,,,Azul Claro 70022,nou-colors-400ml-70022,,shopify,10,deny,manual,29.00,,TRUE,TRUE,,,,,,,,
nou-colors-400ml,,,,,,,,Azul Indigo 70263,nou-colors-400ml-70263,,shopify,10,deny,manual,29.00,,TRUE,TRUE,,,,,,,,
nou-colors-400ml,,,,,,,,Azul Retrô 70025,nou-colors-400ml-70025,,shopify,10,deny,manual,29.00,,TRUE,TRUE,,,,,,,,
nou-colors-400ml,,,,,,,,Azul Lost 70026,nou-colors-400ml-70026,,shopify,10,deny,manual,29.00,,TRUE,TRUE,,,,,,,,
nou-colors-400ml,,,,,,,,Verde Luz 70024,nou-colors-400ml-70024,,shopify,10,deny,manual,29.00,,TRUE,TRUE,,,,,,,,
nou-colors-400ml,,,,,,,,Azul áGua 70023,nou-colors-400ml-70023,,shopify,10,deny,manual,29.00,,TRUE,TRUE,,,,,,,,
nou-colors-400ml,,,,,,,,Azul Anjo 70256,nou-colors-400ml-70256,,shopify,10,deny,manual,29.00,,TRUE,TRUE,,,,,,,,
nou-colors-400ml,,,,,,,,Azul Barceloneta 70257,nou-colors-400ml-70257,,shopify,10,deny,manual,29.00,,TRUE,TRUE,,,,,,,,
nou-colors-400ml,,,,,,,,Azul Nuvem 70258,nou-colors-400ml-70258,,shopify,10,deny,manual,29.00,,TRUE,TRUE,,,,,,,,
nou-colors-400ml,,,,,,,,Azul Horizonte 70259,nou-colors-400ml-70259,,shopify,10,deny,manual,29.00,,TRUE,TRUE,,,,,,,,
nou-colors-400ml,,,,,,,,Cinza Escuro 70028,nou-colors-400ml-70028,,shopify,10,deny,manual,29.00,,TRUE,TRUE,,,,,,,,
nou-colors-400ml,,,,,,,,Cinza Black 70280,nou-colors-400ml-70280,,shopify,10,deny,manual,29.00,,TRUE,TRUE,,,,,,,,
nou-colors-400ml,,,,,,,,Verde Mar 70253,nou-colors-400ml-70253,,shopify,10,deny,manual,29.00,,TRUE,TRUE,,,,,,,,
nou-colors-400ml,,,,,,,,Azul Dolphin 70254,nou-colors-400ml-70254,,shopify,10,deny,manual,29.00,,TRUE,TRUE,,,,,,,,
nou-colors-400ml,,,,,,,,Azul AmazôNia 70255,nou-colors-400ml-70255,,shopify,10,deny,manual,29.00,,TRUE,TRUE,,,,,,,,
nou-colors-400ml,,,,,,,,Verde Folha 70035,nou-colors-400ml-70035,,shopify,10,deny,manual,29.00,,TRUE,TRUE,,,,,,,,
nou-colors-400ml,,,,,,,,Verde Escuro 70034,nou-colors-400ml-70034,,shopify,10,deny,manual,29.00,,TRUE,TRUE,,,,,,,,
nou-colors-400ml,,,,,,,,Verde Campo 70031,nou-colors-400ml-70031,,shopify,10,deny,manual,29.00,,TRUE,TRUE,,,,,,,,
nou-colors-400ml,,,,,,,,Verde Espinho 70251,nou-colors-400ml-70251,,shopify,10,deny,manual,29.00,,TRUE,TRUE,,,,,,,,
nou-colors-400ml,,,,,,,,Verde CáQui 70036,nou-colors-400ml-70036,,shopify,10,deny,manual,29.00,,TRUE,TRUE,,,,,,,,
nou-colors-400ml,,,,,,,,Verde Menta 70032,nou-colors-400ml-70032,,shopify,10,deny,manual,29.00,,TRUE,TRUE,,,,,,,,
nou-colors-400ml,,,,,,,,Verde Guaca 70030,nou-colors-400ml-70030,,shopify,10,deny,manual,29.00,,TRUE,TRUE,,,,,,,,
nou-colors-400ml,,,,,,,,Verde Transparente 70054,nou-colors-400ml-70054,,shopify,10,deny,manual,29.00,,TRUE,TRUE,,,,,,,,
nou-colors-400ml,,,,,,,,Verde Tatu 70250,nou-colors-400ml-70250,,shopify,10,deny,manual,29.00,,TRUE,TRUE,,,,,,,,
nou-colors-400ml,,,,,,,,Verde Eureka 70249,nou-colors-400ml-70249,,shopify,10,deny,manual,29.00,,TRUE,TRUE,,,,,,,,
nou-colors-400ml,,,,,,,,Verde Luminoso 70045,nou-colors-400ml-70045,,shopify,10,deny,manual,29.00,,TRUE,TRUE,,,,,,,,
nou-colors-400ml,,,,,,,,Verde Pimp My CarroçA 70283,nou-colors-400ml-70283,,shopify,10,deny,manual,29.00,,TRUE,TRUE,,,,,,,,
nou-colors-400ml,,,,,,,,Verde Nou 70282,nou-colors-400ml-70282,,shopify,10,deny,manual,29.00,,TRUE,TRUE,,,,,,,,
nou-colors-400ml,,,,,,,,Verde PáLido 70033,nou-colors-400ml-70033,,shopify,10,deny,manual,29.00,,TRUE,TRUE,,,,,,,,
nou-colors-400ml,,,,,,,,Verde Mundano 70284,nou-colors-400ml-70284,,shopify,10,deny,manual,29.00,,TRUE,TRUE,,,,,,,,
nou-colors-400ml,,,,,,,,Amarelo Luminoso 70042,nou-colors-400ml-70042,,shopify,10,deny,manual,29.00,,TRUE,TRUE,,,,,,,,
nou-colors-400ml,,,,,,,,Verde Day 70029,nou-colors-400ml-70029,,shopify,10,deny,manual,29.00,,TRUE,TRUE,,,,,,,,
nou-colors-400ml,,,,,,,,Ipanema 70248,nou-colors-400ml-70248,,shopify,10,deny,manual,29.00,,TRUE,TRUE,,,,,,,,
nou-colors-400ml,,,,,,,,Verde Vespa 70252,nou-colors-400ml-70252,,shopify,10,deny,manual,29.00,,TRUE,TRUE,,,,,,,,
nou-fosforescente-400ml,NOU Fosforescente 400ml,"<p>Antes disponível como opção dentro da cartela de cores da NOU Colors 400ml, agora vendido como item individual. Consulte disponibilidade e preço pelo WhatsApp.</p><ul><li>Acabamento: Brilhante</li><li>Capacidade: 400ml</li></ul>",NOU,Sprays,"Sprays, sob-consulta",TRUE,Cor,Padrão,nou-fosforescente-400ml,,shopify,10,deny,manual,0.00,,TRUE,TRUE,https://public-delta-lyart-86.vercel.app/img/produtos/spray-preto-nou-colors-70049.jpg,1,NOU Fosforescente 400ml,FALSE,NOU Fosforescente 400ml | Dona Bomba,"Antes disponível como opção dentro da cartela de cores da NOU Colors 400ml, agora vendido como item individual. Consulte disponibilidade e preço pelo WhatsApp.",kg,active
nou-verniz-fosco-400ml,NOU Verniz Fosco 400ml,"<p>Antes disponível como opção dentro da cartela de cores da NOU Colors 400ml, agora vendido como item individual. Consulte disponibilidade e preço pelo WhatsApp.</p><ul><li>Acabamento: Fosco</li><li>Capacidade: 400ml</li></ul>",NOU,Sprays,"Sprays, sob-consulta",TRUE,Cor,Padrão,nou-verniz-fosco-400ml,,shopify,10,deny,manual,0.00,,TRUE,TRUE,https://public-delta-lyart-86.vercel.app/img/produtos/spray-preto-nou-colors-70049.jpg,1,NOU Verniz Fosco 400ml,FALSE,NOU Verniz Fosco 400ml | Dona Bomba,"Antes disponível como opção dentro da cartela de cores da NOU Colors 400ml, agora vendido como item individual. Consulte disponibilidade e preço pelo WhatsApp.",kg,active
oleo-de-linhaca-acrilex-100-ml,Óleo de Linhaça - Acrilex 100 ML,"<p>Linha fine art pra quem trabalha tela, ilustração e trabalhos de estúdio com mais precisão.</p><ul><li>Capacidade: 100ml</li></ul>",Acrilex,Fine Art,Fine Art,TRUE,Cor,Padrão,oleo-de-linhaca-acrilex-100-ml,,shopify,10,deny,manual,9.90,,TRUE,TRUE,https://public-delta-lyart-86.vercel.app/img/produtos/oleo-de-linhaca-acrilex-100-ml.jpg,1,Óleo de Linhaça - Acrilex 100 ML,FALSE,Óleo de Linhaça - Acrilex 100 ML | Dona Bomba,"Linha fine art pra quem trabalha tela, ilustração e trabalhos de estúdio com mais precisão.",kg,active
orange-silent-cap,Orange Silent Cap,<p>Válvulas e caps intercambiáveis pra controlar espessura e alcance do jato — do fat cap ao skinny.</p><ul><li>Categoria: Caps</li></ul>,Dona Bomba,Caps,Caps,TRUE,Cor,Padrão,orange-silent-cap,,shopify,10,deny,manual,4.00,,TRUE,TRUE,https://public-delta-lyart-86.vercel.app/img/produtos/orange-silent-cap.jpg,1,Orange Silent Cap,FALSE,Orange Silent Cap | Dona Bomba,Válvulas e caps intercambiáveis pra controlar espessura e alcance do jato — do fat cap ao skinny.,kg,active
pack-de-adesivos-destrutiveis-hubik-30-unidades,PACK  DE ADESIVOS DESTRUTIVEIS HUBIK® - 30 UNIDADES,"<p>Marcadores de ponta grossa e fina pra escrita, contorno e preenchimento em qualquer superfície.</p><ul><li>Categoria: Marcadores</li></ul>",Hubik,Marcadores,Marcadores,TRUE,Cor,Padrão,pack-de-adesivos-destrutiveis-hubik-30-unidades,,shopify,10,deny,manual,50.00,,TRUE,TRUE,https://public-delta-lyart-86.vercel.app/img/produtos/pack-de-adesivos-destrutiveis-hubik-30-unidades.jpg,1,PACK  DE ADESIVOS DESTRUTIVEIS HUBIK® - 30 UNIDADES,FALSE,PACK  DE ADESIVOS DESTRUTIVEIS HUBIK® - 30 UNIDADES | Dona Bomba,"Marcadores de ponta grossa e fina pra escrita, contorno e preenchimento em qualquer superfície.",kg,active
pack-de-adesivos-destrutiveis-hubik-60-unidades,PACK  DE ADESIVOS DESTRUTIVEIS HUBIK® - 60 UNIDADES,"<p>Marcadores de ponta grossa e fina pra escrita, contorno e preenchimento em qualquer superfície.</p><ul><li>Categoria: Marcadores</li></ul>",Hubik,Marcadores,Marcadores,TRUE,Cor,Padrão,pack-de-adesivos-destrutiveis-hubik-60-unidades,,shopify,10,deny,manual,70.00,,TRUE,TRUE,https://public-delta-lyart-86.vercel.app/img/produtos/pack-de-adesivos-destrutiveis-hubik-60-unidades.jpg,1,PACK  DE ADESIVOS DESTRUTIVEIS HUBIK® - 60 UNIDADES,FALSE,PACK  DE ADESIVOS DESTRUTIVEIS HUBIK® - 60 UNIDADES | Dona Bomba,"Marcadores de ponta grossa e fina pra escrita, contorno e preenchimento em qualquer superfície.",kg,active
pack-de-adesivos-destrutivel-hubik,Pack de adesivos destrutível HUBIK®,"<p>Marcadores de ponta grossa e fina pra escrita, contorno e preenchimento em qualquer superfície.</p><ul><li>Categoria: Marcadores</li></ul>",Hubik,Marcadores,Marcadores,TRUE,Cor,Padrão,pack-de-adesivos-destrutivel-hubik,,shopify,10,deny,manual,49.90,,TRUE,TRUE,https://public-delta-lyart-86.vercel.app/img/produtos/pack-de-adesivos-destrutivel-hubik.jpg,1,Pack de adesivos destrutível HUBIK®,FALSE,Pack de adesivos destrutível HUBIK® | Dona Bomba,"Marcadores de ponta grossa e fina pra escrita, contorno e preenchimento em qualquer superfície.",kg,active
pack-stickers-hello-my-name,Pack Stickers - Hello My Name,"<p>Luvas, máscaras e itens de proteção e apoio pra quem pinta na rua ou no estúdio.</p><ul><li>Categoria: Acessórios</li></ul>",Dona Bomba,Acessórios,Acessórios,TRUE,Cor,Padrão,pack-stickers-hello-my-name,,shopify,10,deny,manual,5.00,,TRUE,TRUE,https://public-delta-lyart-86.vercel.app/img/produtos/pack-stickers-hello-my-name.jpg,1,Pack Stickers - Hello My Name,FALSE,Pack Stickers - Hello My Name | Dona Bomba,"Luvas, máscaras e itens de proteção e apoio pra quem pinta na rua ou no estúdio.",kg,active
pack-stickers-sticker-day-pack-1-pre-venda,Pack Stickers - Sticker Day (Pack 1) PRÉ-VENDA,"<p>Luvas, máscaras e itens de proteção e apoio pra quem pinta na rua ou no estúdio.</p><ul><li>Categoria: Acessórios</li></ul>",Dona Bomba,Acessórios,Acessórios,TRUE,Cor,Padrão,pack-stickers-sticker-day-pack-1-pre-venda,,shopify,10,deny,manual,20.00,,TRUE,TRUE,https://public-delta-lyart-86.vercel.app/img/produtos/pack-stickers-sticker-day-pack-1-pre-venda.jpg,1,Pack Stickers - Sticker Day (Pack 1) PRÉ-VENDA,FALSE,Pack Stickers - Sticker Day (Pack 1) PRÉ-VENDA | Dona Bomba,"Luvas, máscaras e itens de proteção e apoio pra quem pinta na rua ou no estúdio.",kg,active
painel-para-pintura-100x100-1-un,Painel para pintura 100x100 - 1 un,"<p>Linha fine art pra quem trabalha tela, ilustração e trabalhos de estúdio com mais precisão.</p><ul><li>Categoria: Fine Art</li></ul>",Dona Bomba,Fine Art,Fine Art,TRUE,Cor,Padrão,painel-para-pintura-100x100-1-un,,shopify,10,deny,manual,150.00,,TRUE,TRUE,https://public-delta-lyart-86.vercel.app/img/produtos/painel-para-pintura-100x100-1-un.jpg,1,Painel para pintura 100x100 - 1 un,FALSE,Painel para pintura 100x100 - 1 un | Dona Bomba,"Linha fine art pra quem trabalha tela, ilustração e trabalhos de estúdio com mais precisão.",kg,active
painel-para-pintura-30x40-1-un,Painel para pintura 30x40 - 1 un,"<p>Linha fine art pra quem trabalha tela, ilustração e trabalhos de estúdio com mais precisão.</p><ul><li>Categoria: Fine Art</li></ul>",Dona Bomba,Fine Art,Fine Art,TRUE,Cor,Padrão,painel-para-pintura-30x40-1-un,,shopify,10,deny,manual,45.00,,TRUE,TRUE,https://public-delta-lyart-86.vercel.app/img/produtos/painel-para-pintura-30x40-1-un.jpg,1,Painel para pintura 30x40 - 1 un,FALSE,Painel para pintura 30x40 - 1 un | Dona Bomba,"Linha fine art pra quem trabalha tela, ilustração e trabalhos de estúdio com mais precisão.",kg,active
pocket-cap,Pocket Cap,"<p>Tintas spray de alta cobertura pra grafite, arte urbana e customização. Secagem rápida, baixa pressão e cartela de cores extensa.</p><ul><li>Categoria: Caps</li></ul>",Dona Bomba,Caps,Caps,TRUE,Cor,Padrão,pocket-cap,,shopify,10,deny,manual,4.00,,TRUE,TRUE,https://public-delta-lyart-86.vercel.app/img/produtos/pocket-cap.jpg,1,Pocket Cap,FALSE,Pocket Cap | Dona Bomba,"Tintas spray de alta cobertura pra grafite, arte urbana e customização. Secagem rápida, baixa pressão e cartela de cores extensa.",kg,active
ponta-dripper-squeezer-mop,Ponta Dripper Squeezer Mop,"<p>Marcadores de ponta grossa e fina pra escrita, contorno e preenchimento em qualquer superfície.</p><ul><li>Categoria: Squeezer</li></ul>",Dona Bomba,Squeezer,Squeezer,TRUE,Cor,Padrão,ponta-dripper-squeezer-mop,,shopify,10,deny,manual,15.00,,TRUE,TRUE,https://public-delta-lyart-86.vercel.app/img/produtos/ponta-dripper-squeezer-mop.jpg,1,Ponta Dripper Squeezer Mop,FALSE,Ponta Dripper Squeezer Mop | Dona Bomba,"Marcadores de ponta grossa e fina pra escrita, contorno e preenchimento em qualquer superfície.",kg,active
refil-atomik-silver,Refil ATOMIK® Silver,"<p>Marcadores de ponta grossa e fina pra escrita, contorno e preenchimento em qualquer superfície.</p><ul><li>Categoria: Marcadores</li></ul>",Dona Bomba,Marcadores,Marcadores,TRUE,Cor,Padrão,refil-atomik-silver,,shopify,10,deny,manual,35.00,,TRUE,TRUE,https://public-delta-lyart-86.vercel.app/img/produtos/refil-atomik-silver.jpg,1,Refil ATOMIK® Silver,FALSE,Refil ATOMIK® Silver | Dona Bomba,"Marcadores de ponta grossa e fina pra escrita, contorno e preenchimento em qualquer superfície.",kg,active
refil-hubik-200-ml,Refil HUBIK® - 200 ML,"<p>Produto original de arte urbana, direto pra sua mochila.</p><ul><li>Capacidade: 200ml</li></ul>",Hubik,Squeezer,Squeezer,TRUE,Cor,Padrão,refil-hubik-200-ml,,shopify,10,deny,manual,45.00,,TRUE,TRUE,https://public-delta-lyart-86.vercel.app/img/produtos/refil-hubik-200-ml.jpg,1,Refil HUBIK® - 200 ML,FALSE,Refil HUBIK® - 200 ML | Dona Bomba,"Produto original de arte urbana, direto pra sua mochila.",kg,active
refill-permanente-hubik-100ml,Refill Permanente - HUBIK®  100ml,"<p>Marcadores de ponta grossa e fina pra escrita, contorno e preenchimento em qualquer superfície.</p><ul><li>Capacidade: 100ml</li></ul>",Hubik,Marcadores,Marcadores,TRUE,Cor,Padrão,refill-permanente-hubik-100ml,,shopify,10,deny,manual,30.00,,TRUE,TRUE,https://public-delta-lyart-86.vercel.app/img/produtos/refill-permanente-hubik-100ml.jpg,1,Refill Permanente - HUBIK®  100ml,FALSE,Refill Permanente - HUBIK®  100ml | Dona Bomba,"Marcadores de ponta grossa e fina pra escrita, contorno e preenchimento em qualquer superfície.",kg,active
respirador-1-4-facial-plastcor-com-1-filtro-incluso,Respirador 1/4 Facial Plastcor Com 1 Filtro Incluso,"<p>Luvas, máscaras e itens de proteção e apoio pra quem pinta na rua ou no estúdio.</p><ul><li>Categoria: Acessórios</li></ul>",Plastcor,Acessórios,Acessórios,TRUE,Cor,Padrão,respirador-1-4-facial-plastcor-com-1-filtro-incluso,,shopify,10,deny,manual,69.90,,TRUE,TRUE,https://public-delta-lyart-86.vercel.app/img/produtos/respirador-1-4-facial-plastcor-com-1-filtro-incluso.jpg,1,Respirador 1/4 Facial Plastcor Com 1 Filtro Incluso,FALSE,Respirador 1/4 Facial Plastcor Com 1 Filtro Incluso | Dona Bomba,"Luvas, máscaras e itens de proteção e apoio pra quem pinta na rua ou no estúdio.",kg,active
retentor-para-filtros-3m-501-o-par,Retentor para Filtros 3M™ 501 (o par),"<p>Luvas, máscaras e itens de proteção e apoio pra quem pinta na rua ou no estúdio.</p><ul><li>Categoria: Acessórios</li></ul>",3M,Acessórios,Acessórios,TRUE,Cor,Padrão,retentor-para-filtros-3m-501-o-par,,shopify,10,deny,manual,10.00,,TRUE,TRUE,https://public-delta-lyart-86.vercel.app/img/produtos/retentor-para-filtros-3m-501-o-par.jpg,1,Retentor para Filtros 3M™ 501 (o par),FALSE,Retentor para Filtros 3M™ 501 (o par) | Dona Bomba,"Luvas, máscaras e itens de proteção e apoio pra quem pinta na rua ou no estúdio.",kg,active
short-gilrs-love-graffiti-high-quality,Short Gilrs Love Graffiti - HIGH QUALITY,<p>Peças de vestuário da loja — pra usar a marca no corpo.</p><ul><li>Categoria: Vestuário</li></ul>,Dona Bomba,Vestuário,Vestuário,TRUE,Cor,Padrão,short-gilrs-love-graffiti-high-quality,,shopify,10,deny,manual,49.90,,TRUE,TRUE,https://public-delta-lyart-86.vercel.app/img/produtos/short-gilrs-love-graffiti-high-quality.jpg,1,Short Gilrs Love Graffiti - HIGH QUALITY,FALSE,Short Gilrs Love Graffiti - HIGH QUALITY | Dona Bomba,Peças de vestuário da loja — pra usar a marca no corpo.,kg,active
solid-marker-art-primo-hobo-prata,Solid Marker - Art Primo Hobo (Prata),"<p>Marcadores de ponta grossa e fina pra escrita, contorno e preenchimento em qualquer superfície.</p><ul><li>Categoria: Marcadores</li></ul>",Art Primo,Marcadores,Marcadores,TRUE,Cor,Padrão,solid-marker-art-primo-hobo-prata,,shopify,10,deny,manual,45.00,,TRUE,TRUE,https://public-delta-lyart-86.vercel.app/img/produtos/solid-marker-art-primo-hobo-prata.jpg,1,Solid Marker - Art Primo Hobo (Prata),FALSE,Solid Marker - Art Primo Hobo (Prata) | Dona Bomba,"Marcadores de ponta grossa e fina pra escrita, contorno e preenchimento em qualquer superfície.",kg,active
solid-marker-hubik,Solid Marker HUBIK®,"<p>Marcadores de ponta grossa e fina pra escrita, contorno e preenchimento em qualquer superfície.</p><ul><li>Categoria: Marcadores</li></ul>",Hubik,Marcadores,Marcadores,TRUE,Cor,Padrão,solid-marker-hubik,,shopify,10,deny,manual,69.00,,TRUE,TRUE,https://public-delta-lyart-86.vercel.app/img/produtos/solid-marker-hubik.jpg,1,Solid Marker HUBIK®,FALSE,Solid Marker HUBIK® | Dona Bomba,"Marcadores de ponta grossa e fina pra escrita, contorno e preenchimento em qualquer superfície.",kg,active
solvente-caps-saver-nou-300ml,Solvente Caps Saver - NOU 300ml,"<p>Tintas spray de alta cobertura pra grafite, arte urbana e customização. Secagem rápida, baixa pressão e cartela de cores extensa.</p><ul><li>Acabamento: Brilhante</li><li>Capacidade: 300ml</li></ul>",NOU,Sprays,Sprays,TRUE,Cor,Padrão,solvente-caps-saver-nou-300ml,,shopify,10,deny,manual,29.00,,TRUE,TRUE,https://public-delta-lyart-86.vercel.app/img/produtos/solvente-caps-saver-nou-300ml.jpg,1,Solvente Caps Saver - NOU 300ml,FALSE,Solvente Caps Saver - NOU 300ml | Dona Bomba,"Tintas spray de alta cobertura pra grafite, arte urbana e customização. Secagem rápida, baixa pressão e cartela de cores extensa.",kg,active
spray-art-cans-400ml,Spray Art Cans 400ML,"<p>Tintas spray de alta cobertura pra grafite, arte urbana e customização. Secagem rápida, baixa pressão e cartela de cores extensa. Cores aproximadas — a cor exata pode variar de tela pra tela.</p><ul><li>Cores: 32 cores</li><li>Acabamento: Brilhante</li><li>Capacidade: 400ml</li></ul>",Dona Bomba,Sprays,Sprays,TRUE,Cor,Anthracite Grey Middle 187,spray-art-cans-400ml-187,,shopify,10,deny,manual,25.00,,TRUE,TRUE,https://public-delta-lyart-86.vercel.app/img/produtos/spray-art-cans-aqua-dark-168.jpg,1,Spray Art Cans 400ML,FALSE,Spray Art Cans 400ML | Dona Bomba,"Tintas spray de alta cobertura pra grafite, arte urbana e customização. Secagem rápida, baixa pressão e cartela de cores extensa. Cores aproximadas — a cor e...",kg,active
spray-art-cans-400ml,,,,,,,,Aqua Dark 168,spray-art-cans-400ml-168,,shopify,10,deny,manual,25.00,,TRUE,TRUE,,,,,,,,
spray-art-cans-400ml,,,,,,,,Beige Brown 130,spray-art-cans-400ml-130,,shopify,10,deny,manual,25.00,,TRUE,TRUE,,,,,,,,
spray-art-cans-400ml,,,,,,,,Black 150,spray-art-cans-400ml-150,,shopify,10,deny,manual,25.00,,TRUE,TRUE,,,,,,,,
spray-art-cans-400ml,,,,,,,,Blackberry 132,spray-art-cans-400ml-132,,shopify,10,deny,manual,25.00,,TRUE,TRUE,,,,,,,,
spray-art-cans-400ml,,,,,,,,Burgundy 116,spray-art-cans-400ml-116,,shopify,10,deny,manual,25.00,,TRUE,TRUE,,,,,,,,
spray-art-cans-400ml,,,,,,,,Cadmium Yellow 150,spray-art-cans-400ml-150,,shopify,10,deny,manual,25.00,,TRUE,TRUE,,,,,,,,
spray-art-cans-400ml,,,,,,,,Dark Blue 118,spray-art-cans-400ml-118,,shopify,10,deny,manual,25.00,,TRUE,TRUE,,,,,,,,
spray-art-cans-400ml,,,,,,,,Erica Light 119,spray-art-cans-400ml-119,,shopify,10,deny,manual,25.00,,TRUE,TRUE,,,,,,,,
spray-art-cans-400ml,,,,,,,,Erica Violet 106,spray-art-cans-400ml-106,,shopify,10,deny,manual,25.00,,TRUE,TRUE,,,,,,,,
spray-art-cans-400ml,,,,,,,,Fern Green 122,spray-art-cans-400ml-122,,shopify,10,deny,manual,25.00,,TRUE,TRUE,,,,,,,,
spray-art-cans-400ml,,,,,,,,Grey Neutral 134,spray-art-cans-400ml-134,,shopify,10,deny,manual,25.00,,TRUE,TRUE,,,,,,,,
spray-art-cans-400ml,,,,,,,,Lagoon Blue 164,spray-art-cans-400ml-164,,shopify,10,deny,manual,25.00,,TRUE,TRUE,,,,,,,,
spray-art-cans-400ml,,,,,,,,Light Blue 114,spray-art-cans-400ml-114,,shopify,10,deny,manual,25.00,,TRUE,TRUE,,,,,,,,
spray-art-cans-400ml,,,,,,,,Light Blue Light 140,spray-art-cans-400ml-140,,shopify,10,deny,manual,25.00,,TRUE,TRUE,,,,,,,,
spray-art-cans-400ml,,,,,,,,Light Grey Neutral 184,spray-art-cans-400ml-184,,shopify,10,deny,manual,25.00,,TRUE,TRUE,,,,,,,,
spray-art-cans-400ml,,,,,,,,Light Orange 102,spray-art-cans-400ml-102,,shopify,10,deny,manual,25.00,,TRUE,TRUE,,,,,,,,
spray-art-cans-400ml,,,,,,,,Melon Yellow 104,spray-art-cans-400ml-104,,shopify,10,deny,manual,25.00,,TRUE,TRUE,,,,,,,,
spray-art-cans-400ml,,,,,,,,Moss Green 124,spray-art-cans-400ml-124,,shopify,10,deny,manual,25.00,,TRUE,TRUE,,,,,,,,
spray-art-cans-400ml,,,,,,,,Nut 132,spray-art-cans-400ml-132,,shopify,10,deny,manual,25.00,,TRUE,TRUE,,,,,,,,
spray-art-cans-400ml,,,,,,,,Ocean Blue 128,spray-art-cans-400ml-128,,shopify,10,deny,manual,25.00,,TRUE,TRUE,,,,,,,,
spray-art-cans-400ml,,,,,,,,Ocher 176,spray-art-cans-400ml-176,,shopify,10,deny,manual,25.00,,TRUE,TRUE,,,,,,,,
spray-art-cans-400ml,,,,,,,,Pear 120,spray-art-cans-400ml-120,,shopify,10,deny,manual,25.00,,TRUE,TRUE,,,,,,,,
spray-art-cans-400ml,,,,,,,,Pure Orange 110,spray-art-cans-400ml-110,,shopify,10,deny,manual,25.00,,TRUE,TRUE,,,,,,,,
spray-art-cans-400ml,,,,,,,,Purple 112,spray-art-cans-400ml-112,,shopify,10,deny,manual,25.00,,TRUE,TRUE,,,,,,,,
spray-art-cans-400ml,,,,,,,,Riviera 126,spray-art-cans-400ml-126,,shopify,10,deny,manual,25.00,,TRUE,TRUE,,,,,,,,
spray-art-cans-400ml,,,,,,,,Signal Red 104,spray-art-cans-400ml-104,,shopify,10,deny,manual,25.00,,TRUE,TRUE,,,,,,,,
spray-art-cans-400ml,,,,,,,,Sky Blue 116,spray-art-cans-400ml-116,,shopify,10,deny,manual,25.00,,TRUE,TRUE,,,,,,,,
spray-art-cans-400ml,,,,,,,,Telemagenta 108,spray-art-cans-400ml-108,,shopify,10,deny,manual,25.00,,TRUE,TRUE,,,,,,,,
spray-art-cans-400ml,,,,,,,,Transparent Black 155,spray-art-cans-400ml-155,,shopify,10,deny,manual,25.00,,TRUE,TRUE,,,,,,,,
spray-art-cans-400ml,,,,,,,,Violet 110,spray-art-cans-400ml-110,,shopify,10,deny,manual,25.00,,TRUE,TRUE,,,,,,,,
spray-art-cans-400ml,,,,,,,,White 160,spray-art-cans-400ml-160,,shopify,10,deny,manual,25.00,,TRUE,TRUE,,,,,,,,
spray-colorart-refletivo-permanente-300ml,Spray Colorart Refletivo Permanente - 300ml,"<p>Tintas spray de alta cobertura pra grafite, arte urbana e customização. Secagem rápida, baixa pressão e cartela de cores extensa.</p><ul><li>Acabamento: Brilhante</li><li>Capacidade: 300ml</li></ul>",Colorart,Sprays,Sprays,TRUE,Cor,Padrão,spray-colorart-refletivo-permanente-300ml,,shopify,10,deny,manual,50.00,,TRUE,TRUE,https://public-delta-lyart-86.vercel.app/img/produtos/spray-colorart-refletivo-permanente-300ml.jpg,1,Spray Colorart Refletivo Permanente - 300ml,FALSE,Spray Colorart Refletivo Permanente - 300ml | Dona Bomba,"Tintas spray de alta cobertura pra grafite, arte urbana e customização. Secagem rápida, baixa pressão e cartela de cores extensa.",kg,active
spray-colorgin-arte-urbana-unidade,Spray Colorgin Arte Urbana UNIDADE,"<p>Tintas spray de alta cobertura pra grafite, arte urbana e customização. Secagem rápida, baixa pressão e cartela de cores extensa.</p><ul><li>Acabamento: Brilhante</li></ul>",Colorgin,Sprays,Sprays,TRUE,Cor,Padrão,spray-colorgin-arte-urbana-unidade,,shopify,10,deny,manual,29.00,,TRUE,TRUE,https://public-delta-lyart-86.vercel.app/img/produtos/spray-colorgin-arte-urbana-unidade.jpg,1,Spray Colorgin Arte Urbana UNIDADE,FALSE,Spray Colorgin Arte Urbana UNIDADE | Dona Bomba,"Tintas spray de alta cobertura pra grafite, arte urbana e customização. Secagem rápida, baixa pressão e cartela de cores extensa.",kg,active
spray-paris-68-400ml,Spray Paris 68 400ML,"<p>Tintas spray de alta cobertura pra grafite, arte urbana e customização. Secagem rápida, baixa pressão e cartela de cores extensa. Cores aproximadas — a cor exata pode variar de tela pra tela.</p><ul><li>Cores: 3 cores</li><li>Acabamento: Brilhante</li><li>Capacidade: 400ml</li></ul>",Paris 68,Sprays,Sprays,TRUE,Cor,Azul Lolita,spray-paris-68-400ml-azul-lolita,,shopify,10,deny,manual,28.00,,TRUE,TRUE,,,Spray Paris 68 400ML,FALSE,Spray Paris 68 400ML | Dona Bomba,"Tintas spray de alta cobertura pra grafite, arte urbana e customização. Secagem rápida, baixa pressão e cartela de cores extensa. Cores aproximadas — a cor e...",kg,active
spray-paris-68-400ml,,,,,,,,Preto Ribeirão Preto,spray-paris-68-400ml-preto-ribeirão-preto,,shopify,10,deny,manual,28.00,,TRUE,TRUE,,,,,,,,
spray-paris-68-400ml,,,,,,,,Violeta Paris,spray-paris-68-400ml-violeta-paris,,shopify,10,deny,manual,28.00,,TRUE,TRUE,,,,,,,,
spray-tekbond-preto-fosco-uso-geral-350ml,Spray TekBond - Preto Fosco (Uso geral) -  350ml,"<p>Tintas spray de alta cobertura pra grafite, arte urbana e customização. Secagem rápida, baixa pressão e cartela de cores extensa.</p><ul><li>Acabamento: Fosco</li><li>Capacidade: 350ml</li></ul>",Tekbond,Sprays,Sprays,TRUE,Cor,Padrão,spray-tekbond-preto-fosco-uso-geral-350ml,,shopify,10,deny,manual,12.00,,TRUE,TRUE,https://public-delta-lyart-86.vercel.app/img/produtos/spray-tekbond-preto-fosco-uso-geral-350ml.jpg,1,Spray TekBond - Preto Fosco (Uso geral) -  350ml,FALSE,Spray TekBond - Preto Fosco (Uso geral) -  350ml | Dona Bomba,"Tintas spray de alta cobertura pra grafite, arte urbana e customização. Secagem rápida, baixa pressão e cartela de cores extensa.",kg,active
spray-tekbond-super-color-400ml,Spray TekBond Super Color -  400ml,"<p>Tintas spray de alta cobertura pra grafite, arte urbana e customização. Secagem rápida, baixa pressão e cartela de cores extensa.</p><ul><li>Acabamento: Brilhante</li><li>Capacidade: 400ml</li></ul>",Tekbond,Sprays,Sprays,TRUE,Cor,Padrão,spray-tekbond-super-color-400ml,,shopify,10,deny,manual,18.90,,TRUE,TRUE,https://public-delta-lyart-86.vercel.app/img/produtos/spray-tekbond-super-color-400ml.jpg,1,Spray TekBond Super Color -  400ml,FALSE,Spray TekBond Super Color -  400ml | Dona Bomba,"Tintas spray de alta cobertura pra grafite, arte urbana e customização. Secagem rápida, baixa pressão e cartela de cores extensa.",kg,active
squeezer-metal-tip,Squeezer Metal Tip,"<p>Marcadores de ponta grossa e fina pra escrita, contorno e preenchimento em qualquer superfície.</p><ul><li>Categoria: Squeezer</li></ul>",Dona Bomba,Squeezer,Squeezer,TRUE,Cor,Padrão,squeezer-metal-tip,,shopify,10,deny,manual,35.00,,TRUE,TRUE,https://public-delta-lyart-86.vercel.app/img/produtos/squeezer-metal-tip.jpg,1,Squeezer Metal Tip,FALSE,Squeezer Metal Tip | Dona Bomba,"Marcadores de ponta grossa e fina pra escrita, contorno e preenchimento em qualquer superfície.",kg,active
sta-acrylic-paint-azulre-cod-b303,Sta Acrylic Paint - Azulre cod B303,"<p>Canetas e marcadores de tinta acrílica pra traço fino, tag e ilustração — ponta resistente e cores vibrantes.</p><ul><li>Categoria: Canetas</li></ul>",STA,Canetas,Canetas,TRUE,Cor,Padrão,sta-acrylic-paint-azulre-cod-b303,,shopify,10,deny,manual,15.00,,TRUE,TRUE,https://public-delta-lyart-86.vercel.app/img/produtos/sta-acrylic-paint-azulre-cod-b303.jpg,1,Sta Acrylic Paint - Azulre cod B303,FALSE,Sta Acrylic Paint - Azulre cod B303 | Dona Bomba,"Canetas e marcadores de tinta acrílica pra traço fino, tag e ilustração — ponta resistente e cores vibrantes.",kg,active
sta-acrylic-paint-black-cod-1000s,Sta Acrylic Paint - Black cod 1000S,"<p>Canetas e marcadores de tinta acrílica pra traço fino, tag e ilustração — ponta resistente e cores vibrantes.</p><ul><li>Categoria: Canetas</li></ul>",STA,Canetas,Canetas,TRUE,Cor,Padrão,sta-acrylic-paint-black-cod-1000s,,shopify,10,deny,manual,20.00,,TRUE,TRUE,https://public-delta-lyart-86.vercel.app/img/produtos/sta-acrylic-paint-black-cod-1000s.jpg,1,Sta Acrylic Paint - Black cod 1000S,FALSE,Sta Acrylic Paint - Black cod 1000S | Dona Bomba,"Canetas e marcadores de tinta acrílica pra traço fino, tag e ilustração — ponta resistente e cores vibrantes.",kg,active
sta-acrylic-paint-bud-green-cod-g606,Sta Acrylic Paint - Bud Green cod G606,"<p>Canetas e marcadores de tinta acrílica pra traço fino, tag e ilustração — ponta resistente e cores vibrantes.</p><ul><li>Categoria: Canetas</li></ul>",STA,Canetas,Canetas,TRUE,Cor,Padrão,sta-acrylic-paint-bud-green-cod-g606,,shopify,10,deny,manual,15.00,,TRUE,TRUE,https://public-delta-lyart-86.vercel.app/img/produtos/sta-acrylic-paint-bud-green-cod-g606.jpg,1,Sta Acrylic Paint - Bud Green cod G606,FALSE,Sta Acrylic Paint - Bud Green cod G606 | Dona Bomba,"Canetas e marcadores de tinta acrílica pra traço fino, tag e ilustração — ponta resistente e cores vibrantes.",kg,active
sta-acrylic-paint-cobalt-green-cod-b627,Sta Acrylic Paint - Cobalt Green cod B627,"<p>Canetas e marcadores de tinta acrílica pra traço fino, tag e ilustração — ponta resistente e cores vibrantes.</p><ul><li>Categoria: Canetas</li></ul>",STA,Canetas,Canetas,TRUE,Cor,Padrão,sta-acrylic-paint-cobalt-green-cod-b627,,shopify,10,deny,manual,15.00,,TRUE,TRUE,https://public-delta-lyart-86.vercel.app/img/produtos/sta-acrylic-paint-cobalt-green-cod-b627.jpg,1,Sta Acrylic Paint - Cobalt Green cod B627,FALSE,Sta Acrylic Paint - Cobalt Green cod B627 | Dona Bomba,"Canetas e marcadores de tinta acrílica pra traço fino, tag e ilustração — ponta resistente e cores vibrantes.",kg,active
sta-acrylic-paint-deep-scarlet-red-cod-r108,Sta Acrylic Paint - Deep Scarlet Red cod R108,"<p>Canetas e marcadores de tinta acrílica pra traço fino, tag e ilustração — ponta resistente e cores vibrantes.</p><ul><li>Categoria: Canetas</li></ul>",STA,Canetas,Canetas,TRUE,Cor,Padrão,sta-acrylic-paint-deep-scarlet-red-cod-r108,,shopify,10,deny,manual,15.00,,TRUE,TRUE,https://public-delta-lyart-86.vercel.app/img/produtos/sta-acrylic-paint-deep-scarlet-red-cod-r108.jpg,1,Sta Acrylic Paint - Deep Scarlet Red cod R108,FALSE,Sta Acrylic Paint - Deep Scarlet Red cod R108 | Dona Bomba,"Canetas e marcadores de tinta acrílica pra traço fino, tag e ilustração — ponta resistente e cores vibrantes.",kg,active
sta-acrylic-paint-esmerald-green-cod-g127,Sta Acrylic Paint - Esmerald Green cod G127,"<p>Canetas e marcadores de tinta acrílica pra traço fino, tag e ilustração — ponta resistente e cores vibrantes.</p><ul><li>Categoria: Canetas</li></ul>",STA,Canetas,Canetas,TRUE,Cor,Padrão,sta-acrylic-paint-esmerald-green-cod-g127,,shopify,10,deny,manual,15.00,,TRUE,TRUE,https://public-delta-lyart-86.vercel.app/img/produtos/sta-acrylic-paint-esmerald-green-cod-g127.jpg,1,Sta Acrylic Paint - Esmerald Green cod G127,FALSE,Sta Acrylic Paint - Esmerald Green cod G127 | Dona Bomba,"Canetas e marcadores de tinta acrílica pra traço fino, tag e ilustração — ponta resistente e cores vibrantes.",kg,active
sta-acrylic-paint-gold-cod-m01,Sta Acrylic Paint - Gold cod M01,"<p>Canetas e marcadores de tinta acrílica pra traço fino, tag e ilustração — ponta resistente e cores vibrantes.</p><ul><li>Categoria: Canetas</li></ul>",STA,Canetas,Canetas,TRUE,Cor,Padrão,sta-acrylic-paint-gold-cod-m01,,shopify,10,deny,manual,15.00,,TRUE,TRUE,https://public-delta-lyart-86.vercel.app/img/produtos/sta-acrylic-paint-gold-cod-m01.jpg,1,Sta Acrylic Paint - Gold cod M01,FALSE,Sta Acrylic Paint - Gold cod M01 | Dona Bomba,"Canetas e marcadores de tinta acrílica pra traço fino, tag e ilustração — ponta resistente e cores vibrantes.",kg,active
sta-acrylic-paint-light-aqua-cod-b802,Sta Acrylic Paint - Light Aqua cod B802,"<p>Canetas e marcadores de tinta acrílica pra traço fino, tag e ilustração — ponta resistente e cores vibrantes.</p><ul><li>Categoria: Canetas</li></ul>",STA,Canetas,Canetas,TRUE,Cor,Padrão,sta-acrylic-paint-light-aqua-cod-b802,,shopify,10,deny,manual,15.00,,TRUE,TRUE,https://public-delta-lyart-86.vercel.app/img/produtos/sta-acrylic-paint-light-aqua-cod-b802.jpg,1,Sta Acrylic Paint - Light Aqua cod B802,FALSE,Sta Acrylic Paint - Light Aqua cod B802 | Dona Bomba,"Canetas e marcadores de tinta acrílica pra traço fino, tag e ilustração — ponta resistente e cores vibrantes.",kg,active
sta-acrylic-paint-lightning-yellow-cod-y107,Sta Acrylic Paint - Lightning Yellow cod Y107,"<p>Canetas e marcadores de tinta acrílica pra traço fino, tag e ilustração — ponta resistente e cores vibrantes.</p><ul><li>Categoria: Canetas</li></ul>",STA,Canetas,Canetas,TRUE,Cor,Padrão,sta-acrylic-paint-lightning-yellow-cod-y107,,shopify,10,deny,manual,15.00,,TRUE,TRUE,https://public-delta-lyart-86.vercel.app/img/produtos/sta-acrylic-paint-lightning-yellow-cod-y107.jpg,1,Sta Acrylic Paint - Lightning Yellow cod Y107,FALSE,Sta Acrylic Paint - Lightning Yellow cod Y107 | Dona Bomba,"Canetas e marcadores de tinta acrílica pra traço fino, tag e ilustração — ponta resistente e cores vibrantes.",kg,active
sta-acrylic-paint-lilac-cod-r714,Sta Acrylic Paint - Lilac cod R714,"<p>Canetas e marcadores de tinta acrílica pra traço fino, tag e ilustração — ponta resistente e cores vibrantes.</p><ul><li>Categoria: Canetas</li></ul>",STA,Canetas,Canetas,TRUE,Cor,Padrão,sta-acrylic-paint-lilac-cod-r714,,shopify,10,deny,manual,15.00,,TRUE,TRUE,https://public-delta-lyart-86.vercel.app/img/produtos/sta-acrylic-paint-lilac-cod-r714.jpg,1,Sta Acrylic Paint - Lilac cod R714,FALSE,Sta Acrylic Paint - Lilac cod R714 | Dona Bomba,"Canetas e marcadores de tinta acrílica pra traço fino, tag e ilustração — ponta resistente e cores vibrantes.",kg,active
sta-acrylic-paint-marigold-cod-y416,Sta Acrylic Paint - MariGold cod Y416,"<p>Canetas e marcadores de tinta acrílica pra traço fino, tag e ilustração — ponta resistente e cores vibrantes.</p><ul><li>Categoria: Canetas</li></ul>",STA,Canetas,Canetas,TRUE,Cor,Padrão,sta-acrylic-paint-marigold-cod-y416,,shopify,10,deny,manual,15.00,,TRUE,TRUE,https://public-delta-lyart-86.vercel.app/img/produtos/sta-acrylic-paint-marigold-cod-y416.jpg,1,Sta Acrylic Paint - MariGold cod Y416,FALSE,Sta Acrylic Paint - MariGold cod Y416 | Dona Bomba,"Canetas e marcadores de tinta acrílica pra traço fino, tag e ilustração — ponta resistente e cores vibrantes.",kg,active
sta-acrylic-paint-napoleon-blue-cod-b028,Sta Acrylic Paint - Napoleon Blue cod B028,"<p>Canetas e marcadores de tinta acrílica pra traço fino, tag e ilustração — ponta resistente e cores vibrantes.</p><ul><li>Categoria: Canetas</li></ul>",STA,Canetas,Canetas,TRUE,Cor,Padrão,sta-acrylic-paint-napoleon-blue-cod-b028,,shopify,10,deny,manual,15.00,,TRUE,TRUE,https://public-delta-lyart-86.vercel.app/img/produtos/sta-acrylic-paint-napoleon-blue-cod-b028.jpg,1,Sta Acrylic Paint - Napoleon Blue cod B028,FALSE,Sta Acrylic Paint - Napoleon Blue cod B028 | Dona Bomba,"Canetas e marcadores de tinta acrílica pra traço fino, tag e ilustração — ponta resistente e cores vibrantes.",kg,active
sta-acrylic-paint-rose-red-cod-r417,Sta Acrylic Paint - Rose Red cod R417,"<p>Canetas e marcadores de tinta acrílica pra traço fino, tag e ilustração — ponta resistente e cores vibrantes.</p><ul><li>Categoria: Canetas</li></ul>",STA,Canetas,Canetas,TRUE,Cor,Padrão,sta-acrylic-paint-rose-red-cod-r417,,shopify,10,deny,manual,15.00,,TRUE,TRUE,https://public-delta-lyart-86.vercel.app/img/produtos/sta-acrylic-paint-rose-red-cod-r417.jpg,1,Sta Acrylic Paint - Rose Red cod R417,FALSE,Sta Acrylic Paint - Rose Red cod R417 | Dona Bomba,"Canetas e marcadores de tinta acrílica pra traço fino, tag e ilustração — ponta resistente e cores vibrantes.",kg,active
sta-acrylic-paint-shock-blue-cod-b215,Sta Acrylic Paint - Shock Blue cod B215,"<p>Canetas e marcadores de tinta acrílica pra traço fino, tag e ilustração — ponta resistente e cores vibrantes.</p><ul><li>Categoria: Canetas</li></ul>",STA,Canetas,Canetas,TRUE,Cor,Padrão,sta-acrylic-paint-shock-blue-cod-b215,,shopify,10,deny,manual,15.00,,TRUE,TRUE,https://public-delta-lyart-86.vercel.app/img/produtos/sta-acrylic-paint-shock-blue-cod-b215.jpg,1,Sta Acrylic Paint - Shock Blue cod B215,FALSE,Sta Acrylic Paint - Shock Blue cod B215 | Dona Bomba,"Canetas e marcadores de tinta acrílica pra traço fino, tag e ilustração — ponta resistente e cores vibrantes.",kg,active
sta-acrylic-paint-silver-cod-m08,Sta Acrylic Paint - Silver cod M08,"<p>Canetas e marcadores de tinta acrílica pra traço fino, tag e ilustração — ponta resistente e cores vibrantes.</p><ul><li>Categoria: Canetas</li></ul>",STA,Canetas,Canetas,TRUE,Cor,Padrão,sta-acrylic-paint-silver-cod-m08,,shopify,10,deny,manual,15.00,,TRUE,TRUE,https://public-delta-lyart-86.vercel.app/img/produtos/sta-acrylic-paint-silver-cod-m08.jpg,1,Sta Acrylic Paint - Silver cod M08,FALSE,Sta Acrylic Paint - Silver cod M08 | Dona Bomba,"Canetas e marcadores de tinta acrílica pra traço fino, tag e ilustração — ponta resistente e cores vibrantes.",kg,active
sta-acrylic-paint-toner-grey-cod-tg07,Sta Acrylic Paint - Toner Grey cod TG07,"<p>Canetas e marcadores de tinta acrílica pra traço fino, tag e ilustração — ponta resistente e cores vibrantes.</p><ul><li>Categoria: Canetas</li></ul>",STA,Canetas,Canetas,TRUE,Cor,Padrão,sta-acrylic-paint-toner-grey-cod-tg07,,shopify,10,deny,manual,15.00,,TRUE,TRUE,https://public-delta-lyart-86.vercel.app/img/produtos/sta-acrylic-paint-toner-grey-cod-tg07.jpg,1,Sta Acrylic Paint - Toner Grey cod TG07,FALSE,Sta Acrylic Paint - Toner Grey cod TG07 | Dona Bomba,"Canetas e marcadores de tinta acrílica pra traço fino, tag e ilustração — ponta resistente e cores vibrantes.",kg,active
sta-acrylic-paint-white-cod-1000w,Sta Acrylic Paint - White cod 1000W,"<p>Canetas e marcadores de tinta acrílica pra traço fino, tag e ilustração — ponta resistente e cores vibrantes.</p><ul><li>Categoria: Canetas</li></ul>",STA,Canetas,Canetas,TRUE,Cor,Padrão,sta-acrylic-paint-white-cod-1000w,,shopify,10,deny,manual,20.00,,TRUE,TRUE,https://public-delta-lyart-86.vercel.app/img/produtos/sta-acrylic-paint-white-cod-1000w.jpg,1,Sta Acrylic Paint - White cod 1000W,FALSE,Sta Acrylic Paint - White cod 1000W | Dona Bomba,"Canetas e marcadores de tinta acrílica pra traço fino, tag e ilustração — ponta resistente e cores vibrantes.",kg,active
stencil-cap,Stencil Cap,<p>Válvulas e caps intercambiáveis pra controlar espessura e alcance do jato — do fat cap ao skinny.</p><ul><li>Categoria: Caps</li></ul>,Dona Bomba,Caps,Caps,TRUE,Cor,Padrão,stencil-cap,,shopify,10,deny,manual,20.00,,TRUE,TRUE,https://public-delta-lyart-86.vercel.app/img/produtos/stencil-cap.jpg,1,Stencil Cap,FALSE,Stencil Cap | Dona Bomba,Válvulas e caps intercambiáveis pra controlar espessura e alcance do jato — do fat cap ao skinny.,kg,active
tela-para-pintura-15x15-1-un,Tela para pintura 15x15 - 1 un,"<p>Linha fine art pra quem trabalha tela, ilustração e trabalhos de estúdio com mais precisão.</p><ul><li>Categoria: Fine Art</li></ul>",Dona Bomba,Fine Art,Fine Art,TRUE,Cor,Padrão,tela-para-pintura-15x15-1-un,,shopify,10,deny,manual,6.00,,TRUE,TRUE,https://public-delta-lyart-86.vercel.app/img/produtos/tela-para-pintura-15x15-1-un.jpg,1,Tela para pintura 15x15 - 1 un,FALSE,Tela para pintura 15x15 - 1 un | Dona Bomba,"Linha fine art pra quem trabalha tela, ilustração e trabalhos de estúdio com mais precisão.",kg,active
tela-para-pintura-30x30-1-un,Tela para pintura 30x30 - 1 un,"<p>Linha fine art pra quem trabalha tela, ilustração e trabalhos de estúdio com mais precisão.</p><ul><li>Categoria: Fine Art</li></ul>",Dona Bomba,Fine Art,Fine Art,TRUE,Cor,Padrão,tela-para-pintura-30x30-1-un,,shopify,10,deny,manual,25.00,,TRUE,TRUE,https://public-delta-lyart-86.vercel.app/img/produtos/tela-para-pintura-30x30-1-un.jpg,1,Tela para pintura 30x30 - 1 un,FALSE,Tela para pintura 30x30 - 1 un | Dona Bomba,"Linha fine art pra quem trabalha tela, ilustração e trabalhos de estúdio com mais precisão.",kg,active
tinta-a-oleo-oil-colors-classic-acrilex-37-ml,Tinta a Óleo - OIL COLORS CLASSIC ACRILEX - 37 ml,"<p>Linha fine art pra quem trabalha tela, ilustração e trabalhos de estúdio com mais precisão.</p><ul><li>Capacidade: 37ml</li></ul>",Acrilex,Fine Art,Fine Art,TRUE,Cor,Padrão,tinta-a-oleo-oil-colors-classic-acrilex-37-ml,,shopify,10,deny,manual,9.90,,TRUE,TRUE,https://public-delta-lyart-86.vercel.app/img/produtos/tinta-a-oleo-oil-colors-classic-acrilex-37-ml.jpg,1,Tinta a Óleo - OIL COLORS CLASSIC ACRILEX - 37 ml,FALSE,Tinta a Óleo - OIL COLORS CLASSIC ACRILEX - 37 ml | Dona Bomba,"Linha fine art pra quem trabalha tela, ilustração e trabalhos de estúdio com mais precisão.",kg,active
tinta-acrilica-acrylic-colors-acrilex-59ml-1-un,Tinta Acrílica - Acrylic Colors Acrilex 59ml - 1 Un,"<p>Linha fine art pra quem trabalha tela, ilustração e trabalhos de estúdio com mais precisão.</p><ul><li>Capacidade: 59ml</li></ul>",Acrilex,Fine Art,Fine Art,TRUE,Cor,Padrão,tinta-acrilica-acrylic-colors-acrilex-59ml-1-un,,shopify,10,deny,manual,11.50,,TRUE,TRUE,https://public-delta-lyart-86.vercel.app/img/produtos/tinta-acrilica-acrylic-colors-acrilex-59ml-1-un.jpg,1,Tinta Acrílica - Acrylic Colors Acrilex 59ml - 1 Un,FALSE,Tinta Acrílica - Acrylic Colors Acrilex 59ml - 1 Un | Dona Bomba,"Linha fine art pra quem trabalha tela, ilustração e trabalhos de estúdio com mais precisão.",kg,active
tinta-acrylic-colors-acrilex-estojo-com-8-bisnagas-20ml-cada,Tinta Acrylic Colors Acrilex - Estojo com 8 Bisnagas - 20ml cada,"<p>Linha fine art pra quem trabalha tela, ilustração e trabalhos de estúdio com mais precisão.</p><ul><li>Capacidade: 20ml</li></ul>",Acrilex,Fine Art,Fine Art,TRUE,Cor,Padrão,tinta-acrylic-colors-acrilex-estojo-com-8-bisnagas-20ml-cada,,shopify,10,deny,manual,39.90,,TRUE,TRUE,https://public-delta-lyart-86.vercel.app/img/produtos/tinta-acrylic-colors-acrilex-estojo-com-8-bisnagas-20ml-cada.jpg,1,Tinta Acrylic Colors Acrilex - Estojo com 8 Bisnagas - 20ml cada,FALSE,Tinta Acrylic Colors Acrilex - Estojo com 8 Bisnagas - 20ml cada | Dona Bomba,"Linha fine art pra quem trabalha tela, ilustração e trabalhos de estúdio com mais precisão.",kg,active
verniz-acrilico-fosco-acrilex-250ml,Verniz Acrílico Fosco - Acrilex 250ml,"<p>Linha fine art pra quem trabalha tela, ilustração e trabalhos de estúdio com mais precisão.</p><ul><li>Capacidade: 250ml</li></ul>",Acrilex,Fine Art,Fine Art,TRUE,Cor,Padrão,verniz-acrilico-fosco-acrilex-250ml,,shopify,10,deny,manual,24.90,,TRUE,TRUE,https://public-delta-lyart-86.vercel.app/img/produtos/verniz-acrilico-fosco-acrilex-250ml.jpg,1,Verniz Acrílico Fosco - Acrilex 250ml,FALSE,Verniz Acrílico Fosco - Acrilex 250ml | Dona Bomba,"Linha fine art pra quem trabalha tela, ilustração e trabalhos de estúdio com mais precisão.",kg,active
verniz-spray-acrilfix-fosco-acrilex-1-un,Verniz spray acrilfix (Fosco) - Acrilex 1 UN,"<p>Tintas spray de alta cobertura pra grafite, arte urbana e customização. Secagem rápida, baixa pressão e cartela de cores extensa.</p><ul><li>Acabamento: Fosco</li></ul>",Acrilex,Sprays,Sprays,TRUE,Cor,Padrão,verniz-spray-acrilfix-fosco-acrilex-1-un,,shopify,10,deny,manual,39.00,,TRUE,TRUE,https://public-delta-lyart-86.vercel.app/img/produtos/verniz-spray-acrilfix-fosco-acrilex-1-un.jpg,1,Verniz spray acrilfix (Fosco) - Acrilex 1 UN,FALSE,Verniz spray acrilfix (Fosco) - Acrilex 1 UN | Dona Bomba,"Tintas spray de alta cobertura pra grafite, arte urbana e customização. Secagem rápida, baixa pressão e cartela de cores extensa.",kg,active